Place ID;Province;Regency;Category;Name;Price
1;Bali;Denpasar;Alam;Finns Bali Super Fun Pas;300000
2;Bali;Denpasar;Alam;Finns Bali Day Pass;275000
3;Bali;Denpasar;Alam;Waterfall Wanagiri Village;25000
4;Bali;Denpasar;Alam;ATV Bali Ubud by Abiansila Adventure;850000
5;Bali;Denpasar;Alam;Aling-aling Waterfall Attraction Package;150000
6;Bali;Denpasar;Alam;Bali Zoo Tickets;140000
7;Bali;Denpasar;Alam;Bali Bird Park Tickets;140000
8;Bali;Denpasar;Alam;Monkey Forest Ubud Tickets;60000
9;Bali;Denpasar;Alam;Mason Elephant Park Admission - Taro Bali;135000
10;Bali;Denpasar;Alam;Bali Safari Park - International Tourists;646488
11;Bali;Denpasar;Alam;Bali Reptile Park;150000
12;Bali;Denpasar;Alam;TASTA ZOO;100000
13;Bali;Denpasar;Alam;Bali ATV Ride by Bali Best Adventure;650000
14;Bali;Denpasar;Alam;Sunrise Dolphin Trip by Nara Tour & Travel;135000
15;Bali;Denpasar;Alam;Paket Bali Safari & Marne Park + ATV Ride;975000
16;Bali;Denpasar;Alam;Bali ATV Ride Adventure;750000
17;Bali;Denpasar;Alam;Bali ATV Quad Bike By Pertiwi Quad Bike;650000
18;Bali;Denpasar;Alam;TURTLE ISLAND (1 BOAT / 1 HOUR/ 8 PAX);750000
19;Bali;Denpasar;Alam;Spearfishing & Sashimi on Boat;1500000
20;Bali;Denpasar;Alam;TURTLE ISLAND & SNORKLING (1.5 HOUR/ 2 PAX);340000
21;Bali;Denpasar;Alam;Waterbom Bali Tickets;340000
22;Bali;Denpasar;Alam;Toya Devasya Natural Hot Spring Tickets;100000
23;Bali;Denpasar;Alam;Tiket CitraLand Waterpark Denpasar;50000
24;Bali;Denpasar;Alam;Aqualand at Bali Wake Park';250000
25;Bali;Denpasar;Alam;PARASAILING ADVENTURE WATER SPORT (6 MINUTES);750000
26;Bali;Denpasar;Alam;JET SKI WITH ADVENTURE (15 MINUTES);850000
27;Bali;Denpasar;Alam;Rafting Ayung Dewata Ubud;295000
28;Bali;Denpasar;Alam;PAKET WATERSPORT (SEA WALKER, BANANA BOAT & JET SKI/ 2PAX);3200000
29;Bali;Denpasar;Alam;BANANA BOAT WATERSPORT (15 MINUTES/ 2 PAX);425000
30;Bali;Denpasar;Alam;Menyelam Nusa Lembongan;2000000
31;Bali;Denpasar;Alam;PAKET WATERSPORT (DIVING, BANANA BOAT & FLY FISH/ 2 PAX);2750000
32;Bali;Denpasar;Alam;PAKET WATERSPORT (SEA WALKER, FLY BOARD & DONUT BOAT / 2 PAX);4200000
33;Bali;Denpasar;Alam;PAKET WATERSPORT (SEA WALKER, FLY FISH & JET SKI/ 2 PAX);3600000
34;Bali;Denpasar;Pendidikan;IAM BALI 3D Museum & UPSIDE DOWN ZONE Tickets;100000
35;Bali;Denpasar;Pendidikan;Kebon Vintage Cars Bal;100000
36;Bali;Denpasar;Pendidikan;Museum Pasifika Tickets;70000
37;Bali;Denpasar;Pendidikan;Bali Doll House - Museum Boneka;50000
38;Bali;Denpasar;Pendidikan;Monumen Bajra Sandhi;125000
39;Bali;Denpasar;Budaya;Tiket Pertunjukan Tari Kecak dan Tari Api di Pura Uluwatu;150000
40;Bali;Denpasar;Budaya;Tiket Promo Tari Bali di Ubud;150000
41;Bali;Denpasar;Budaya;Devdan Show 'Treasure of the Archipelago;200000
42;Bali;Denpasar;Budaya;Legong Dance Show Tickets at Ubud Palace Bali;100000
43;Bali;Denpasar;Budaya;Kecak Uluwatu Tour;700000
44;Bali;Denpasar;Budaya;Ubud Kecak & Fire Dance Show at Puri peliatan Ubud;100000
45;Bali;Denpasar;Alam;Alas Harum Bali Tickets;50000
46;Bali;Denpasar;Alam;Tiket Picheaven Bali Swing;300000
47;Bali;Denpasar;Alam;Batur Black Lava  Quad Bike ATV Adventure Kintamani;650000
48;Bali;Denpasar;Alam;Wahana Bali Adventure ATV Ride di Singapadu;895000
49;Bali;Denpasar;Alam;Activities at Secret Garden Village;120000
50;Bali;Denpasar;Alam;Glass Bottom Boat + Turtle island;545000
51;Bali;Denpasar;Alam;The Charm of Bali Beaches;16475000
52;Bali;Denpasar;Alam;Wisata Naik Becak di Padangaling - Desa Wisata Cau Blayu;110000
53;Bali;Denpasar;Alam;Glass Bottom Boat + Senorkeling + Turtle Island;545000
54;Bali;Denpasar;Alam;Beautiful Peninsula Island;10000000
55;Bali;Denpasar;Alam;Paket Mendaki Gunung Batur;500000
56;Bali;Denpasar;Alam;Nusa Paradise;26375000
57;Bali;Denpasar;Alam;My Swing Bali by Wahana Bali Adventure;1450000
58;Bali;Denpasar;Alam;Mendaki gunung Batur dengan pemandu lokal;265000
59;Bali;Denpasar;Alam;The Ultimate Volcano Tour;39550000
60;Bali;Denpasar;Alam;ATV Seru di Ubud Trek Panjang dan Menantang;600000
61;Bali;Denpasar;Alam;PAKET WATERSPORT (BANANA BOAT, DONUT BOAT & FLY BOARD/ 2 PAX);3300000
62;Bali;Denpasar;Alam;Paranda Ubud ATV;1100000
63;Bali;Denpasar;Budaya;Garuda Wisnu Kencana Cultural Park (GWK);125000
64;Bali;Denpasar;Alam;Tiket The Blooms Garden;30000
65;Bali;Denpasar;Alam;Hot Air Balloon Experience with Meals at Tanah Gajah;2100000
66;Bali;Denpasar;Alam;Gunung Batur Trekking;300000
67;Bali;Denpasar;Alam;Black Lava Jeep Adventure Kintamani Bali;1000000
68;Bali;Denpasar;Alam;Bali Private Guided Tour : Ulundanu Lake Temple, Banyumala Waterfall & Jatiluwih Rice Terrace;450000
69;Bali;Denpasar;Alam;Objek Wisata Alas Kedaton Monkey Forest;30000
70;Bali;Denpasar;Alam;My Swing Moments;389000
71;Kalimantan Tengah;Palangkaraya;Alam;Wisata Flamboyan Bawah;15000
72;Kalimantan Tengah;Palangkaraya;Alam;Pesona Alam Lestari;7000
73;Kalimantan Tengah;Palangkaraya;Alam;Dermaga Kereng Bangkirai;5000
74;Kalimantan Tengah;Palangkaraya;Alam;Taman Wisata Alam Bukit Tangkiling;7500
75;Kalimantan Tengah;Palangkaraya;Alam;Bukit Baranahu;0
76;Kalimantan Tengah;Palangkaraya;Alam;Dermaga Rambang;0
77;Kalimantan Tengah;Palangkaraya;Alam;Danau Hanjalutung;0
78;Kalimantan Tengah;Palangkaraya;Alam;Wisata Danau Tahai;5000
79;Kalimantan Tengah;Palangkaraya;Alam;Kawasan Wisata Kereng Bengkirai;5000
80;Kalimantan Tengah;Palangkaraya;Budaya;Sandung Ngabe Sukah;0
81;Kalimantan Tengah;Palangkaraya;Alam;Sungai Batu Sei Gohong;5000
82;Kalimantan Tengah;Palangkaraya;Alam;Manasa Agrowisata;10000
83;Kalimantan Tengah;Palangkaraya;Pendidikan;Wisata Edukasi Berkuda;25000
84;Kalimantan Tengah;Palangkaraya;Alam;Bukit Tangkiling;10000
85;Kalimantan Tengah;Palangkaraya;Pendidikan;Taman Yos Soedarso;10000
86;Kalimantan Tengah;Palangkaraya;Alam;Taman Nasional Sebangau;500000
87;Kalimantan Tengah;Palangkaraya;Alam;Danau Tahai;0
88;Kalimantan Tengah;Palangkaraya;Alam;Bukit Doa Karmel Tangkiling;0
89;Kalimantan Tengah;Palangkaraya;Alam;Sungai Kahayan;0
90;Kalimantan Tengah;Palangkaraya;Budaya;Rumah Adat Bentang;0
91;Kalimantan Tengah;Palangkaraya;Alam;Penangkaran Orang Utan Nyaru Menteng;0
92;Banten;Serang;Alam;Waterpark Coconut Island Carita;50000
93;Kalimantan Utara;Tanjung Selor;Alam;Taman Tepian Tanjung Selor;15000
94;Kalimantan Utara;Tanjung Selor;Alam;Wisata Gunung Putih;0
95;Kalimantan Utara;Tanjung Selor;Alam;Taman Cendrawasih;0
96;Kalimantan Utara;Tanjung Selor;Pendidikan;Museum Kesultanan Bulungan;10000
97;Kalimantan Utara;Tanjung Selor;Alam;Crown Water Sport Bulungan;150000
98;Kalimantan Utara;Tanjung Selor;Alam;WISATA ALAM KARAI DESA ANTUTAN;10000
99;Kalimantan Utara;Tanjung Selor;Budaya;Wisata Metun Sajau;0
100;Kalimantan Utara;Tanjung Selor;Alam;Puncak Sajau;0
101;Kalimantan Utara;Tanjung Selor;Alam;Taman Tepian Sungai Kayan;5000
102;Kalimantan Utara;Tanjung Selor;Alam;Taman Tepian Kaltara Abadi;15000
103;Kalimantan Utara;Tanjung Selor;Alam;WISATA AIR TERJUN SUNGAI KARAI;10000
104;Kalimantan Utara;Tanjung Selor;Alam;Objek Wisata Air Terjun Gunung Rian;2000
105;Kalimantan Utara;Tanjung Selor;Alam;Air Terjun Sulok;0
106;Kalimantan Utara;Tanjung Selor;Alam;Sungai Selor;0
107;Kalimantan Utara;Tanjung Selor;Alam;Wisata Gunung Putih;0
108;Kalimantan Utara;Tanjung Selor;Alam;Gunung Rego;0
109;Kalimantan Utara;Tanjung Selor;Alam;Batu tumpuk Tanjung Palas Utara;5000
110;Kalimantan Utara;Tanjung Selor;Alam;Pantai Wisata Tanah Kuning 2;5000
111;Kalimantan Utara;Tanjung Selor;Budaya;Baloy Adat Tidung;10000
112;Kalimantan Utara;Tanjung Selor;Alam;Wisata Lima Putra Tanah Kuning;2000
113;Kalimantan Utara;Tanjung Selor;Alam;Pantai Kelapa Mangkupadi;10000
114;DKI Jakarta;Jakarta;Sejarah;Monumen Nasional;20000
115;DKI Jakarta;Jakarta;Sejarah;Kota Tua;0
116;DKI Jakarta;Jakarta;Pendidikan;Dunia Fantasi;270000
117;DKI Jakarta;Jakarta;Pendidikan;Taman Mini Indonesia Indah (TMII);10000
118;DKI Jakarta;Jakarta;Pendidikan;Atlantis Water Adventure;94000
119;DKI Jakarta;Jakarta;Pendidikan;Taman Impian Jaya Ancol;25000
120;DKI Jakarta;Jakarta;Pendidikan;Kebun Binatang Ragunan;4000
121;DKI Jakarta;Jakarta;Pendidikan;Ocean Ecopark;180000
122;DKI Jakarta;Jakarta;Alam;Pelabuhan Marina;175000
123;DKI Jakarta;Jakarta;Alam;Pulau Tidung;150000
124;DKI Jakarta;Jakarta;Alam;Pulau Bidadari;5000
125;DKI Jakarta;Jakarta;Alam;Pulau Pari;150000
126;DKI Jakarta;Jakarta;Alam;Pulau Pramuka;5000
127;DKI Jakarta;Jakarta;Alam;Pulau Pelangi;900000
128;DKI Jakarta;Jakarta;Sejarah;Jembatan Kota Intan;0
129;DKI Jakarta;Jakarta;Sejarah;Museum Fatahillah;5000
130;DKI Jakarta;Jakarta;Sejarah;Museum Bank Indonesia;2000
131;DKI Jakarta;Jakarta;Pendidikan;Kidzania;185000
132;DKI Jakarta;Jakarta;Sejarah;Museum Taman Prasasti;2000
133;DKI Jakarta;Jakarta;Sejarah;Museum Wayang;5000
134;DKI Jakarta;Jakarta;Religi;Masjid Istiqlal;0
135;DKI Jakarta;Jakarta;Religi;Gereja Katedral;0
136;DKI Jakarta;Jakarta;Sejarah;Museum Nasional;5000
137;DKI Jakarta;Jakarta;Pendidikan;Sea World;115000
138;DKI Jakarta;Jakarta;Pendidikan;Wisata Agro Edukatif Istana Susu Cibugary;35000
139;DKI Jakarta;Jakarta;Pendidikan;Taman Menteng;0
140;DKI Jakarta;Jakarta;Pendidikan;Wisata Alam Mangrove Angke;25000
141;DKI Jakarta;Jakarta;Sejarah;Setu Babakan;0
142;DKI Jakarta;Jakarta;Pendidikan;Taman Suropati;0
143;DKI Jakarta;Jakarta;Pendidikan;Skyrink - Mall Taman Anggrek;110000
144;DKI Jakarta;Jakarta;Pendidikan;Bumi Perkemahan Cibubur;10000
145;DKI Jakarta;Jakarta;Sejarah;Istana Negara Republik Indonesia;0
146;DKI Jakarta;Jakarta;Sejarah;Museum Macan (Modern and Contemporary Art in Nusantara);100000
147;DKI Jakarta;Jakarta;Sejarah;Galeri Nasional Indonesia;0
148;DKI Jakarta;Jakarta;Sejarah;Museum Bahari Jakarta;2000
149;DKI Jakarta;Jakarta;Sejarah;Museum Seni Rupa dan Kramik;5000
150;DKI Jakarta;Jakarta;Pendidikan;The Escape Hunt;70000
151;DKI Jakarta;Jakarta;Sejarah;Monumen Selamat Datang;0
152;DKI Jakarta;Jakarta;Pendidikan;Jakarta Aquarium dan Safari;185000
153;DKI Jakarta;Jakarta;Alam;Pulau Semak Daun;40000
154;DKI Jakarta;Jakarta;Pendidikan;Taman Situ Lembang;0
155;DKI Jakarta;Jakarta;Sejarah;Taman Ismail Marzuki;5000
156;DKI Jakarta;Jakarta;Sejarah;Galeri Indonesia Kaya;0
157;DKI Jakarta;Jakarta;Sejarah;Museum Joang 45;2000
158;DKI Jakarta;Jakarta;Pendidikan;Jakarta Planetarium;12000
159;DKI Jakarta;Jakarta;Sejarah;Kampung Cina;15000
160;DKI Jakarta;Jakarta;Sejarah;Rumah Sipitung;5000
161;DKI Jakarta;Jakarta;Pendidikan;Taman Agrowisata Cilangkap;0
162;DKI Jakarta;Jakarta;Religi;Klenteng Jin De Yuan;0
163;DKI Jakarta;Jakarta;Alam;Pantai Ancol;25000
164;DKI Jakarta;Jakarta;Pendidikan;Taman Lapangan Banteng;0
165;DKI Jakarta;Jakarta;Pendidikan;Taman Ayodya;0
166;DKI Jakarta;Jakarta;Sejarah;Museum Sumpah Pemuda;2000
167;DKI Jakarta;Jakarta;Sejarah;Museum Tekstil;5000
168;DKI Jakarta;Jakarta;Sejarah;Tugu Proklamasi;0
169;DKI Jakarta;Jakarta;Pendidikan;Taman Legenda Keong Emas;30000
170;DKI Jakarta;Jakarta;Sejarah;Museum Kebangkitan Nasional;2000
171;DKI Jakarta;Jakarta;Sejarah;Museum Sasmita Loka Ahmad Yani;2000
172;DKI Jakarta;Jakarta;Sejarah;Museum Basoeki Abdullah;1000
173;DKI Jakarta;Jakarta;Sejarah;Museum Layang-layang;10000
174;DKI Jakarta;Jakarta;Pendidikan;Margasatwa Muara Angke;25000
175;DKI Jakarta;Jakarta;Sejarah;Freedom Library;0
176;DKI Jakarta;Jakarta;Sejarah;Perpustakaan Nasional;0
177;DKI Jakarta;Jakarta;Pendidikan;Cibubur Garden Diary (Cibugary);50000
178;DKI Jakarta;Jakarta;Pendidikan;Waterboom PIK (Pantai Indah Kapuk);300000
179;DKI Jakarta;Jakarta;Sejarah;Museum Perangko;5000
180;DKI Jakarta;Jakarta;Sejarah;Museum Tengah Kebun;0
181;DKI Jakarta;Jakarta;Pendidikan;SnowBay Waterpark;180000
182;DKI Jakarta;Jakarta;Pendidikan;Taman Cattleya;20000
183;DKI Jakarta;Jakarta;Pendidikan;Taman Hutan Tebet;0
184;DKI Jakarta;Jakarta;Pendidikan;Hutan Kota Srengseng;1000
185;DKI Jakarta;Jakarta;Pendidikan;Taman Spathodea;0
186;DKI Jakarta;Jakarta;Sejarah;Museum Satria Mandala;5000
187;DKI Jakarta;Jakarta;Pendidikan;Alive Museum Ancol;200000
188;Daerah Istimewa Yogyakarta;Yogyakarta;Pendidikan;Taman Pintar Yogyakarta;6000
189;Daerah Istimewa Yogyakarta;Yogyakarta;Sejarah;Keraton Yogyakarta;15000
190;Daerah Istimewa Yogyakarta;Yogyakarta;Pendidikan;Sindu Kusuma Edupark (SKE);20000
191;Daerah Istimewa Yogyakarta;Yogyakarta;Sejarah;Museum Benteng Vredeburg Yogyakarta;3000
192;Daerah Istimewa Yogyakarta;Yogyakarta;Sejarah;De Mata Museum Jogja;50000
193;Daerah Istimewa Yogyakarta;Yogyakarta;Pendidikan;Kampung Wisata Taman Sari;5000
194;Daerah Istimewa Yogyakarta;Yogyakarta;Pendidikan;Situs Warungboto;0
195;Daerah Istimewa Yogyakarta;Yogyakarta;Pendidikan;Nol Kilometer Jl.Malioboro;0
196;Daerah Istimewa Yogyakarta;Yogyakarta;Pendidikan;Gembira Loka Zoo;60000
197;Daerah Istimewa Yogyakarta;Yogyakarta;Pendidikan;Sumur Gumuling;7000
198;Daerah Istimewa Yogyakarta;Yogyakarta;Pendidikan;Desa Wisata Sungai Code Jogja Kota;0
199;Daerah Istimewa Yogyakarta;Yogyakarta;Pendidikan;Alun Alun Selatan Yogyakarta;0
200;Daerah Istimewa Yogyakarta;Yogyakarta;Sejarah;Monumen Yogya Kembali;15000
201;Daerah Istimewa Yogyakarta;Yogyakarta;Pendidikan;Taman Pelangi Yogyakarta;15000
202;Daerah Istimewa Yogyakarta;Yogyakarta;Sejarah;Kampung Wisata Kadipaten;0
203;Daerah Istimewa Yogyakarta;Yogyakarta;Sejarah;Taman Budaya Yogyakarta;0
204;Daerah Istimewa Yogyakarta;Yogyakarta;Sejarah;Kampung Wisata Sosro Menduran;0
205;Daerah Istimewa Yogyakarta;Yogyakarta;Sejarah;Monumen Batik Yogyakarta;40000
206;Daerah Istimewa Yogyakarta;Yogyakarta;Pendidikan;Tugu Pal Putih Jogja;0
207;Daerah Istimewa Yogyakarta;Yogyakarta;Sejarah;Tebing Breksi;20000
208;Daerah Istimewa Yogyakarta;Yogyakarta;Sejarah;Candi Donotirto;0
209;Daerah Istimewa Yogyakarta;Yogyakarta;Pendidikan;Kawasan Malioboro;0
210;Daerah Istimewa Yogyakarta;Yogyakarta;Sejarah;Bangsal Pagelaran;5000
211;Daerah Istimewa Yogyakarta;Yogyakarta;Pendidikan;Embung Tambakboyo;0
212;Daerah Istimewa Yogyakarta;Yogyakarta;Pendidikan;Hutan Pinus Pengger;3000
213;Daerah Istimewa Yogyakarta;Yogyakarta;Pendidikan;Monumen Serangan Umum 1 Maret;3000
214;Daerah Istimewa Yogyakarta;Yogyakarta;Pendidikan;Puncak Pinus Becici;3000
215;Daerah Istimewa Yogyakarta;Yogyakarta;Pendidikan;Bukit Bintang Yogyakarta;25000
216;Daerah Istimewa Yogyakarta;Yogyakarta;Sejarah;Gedung Agung Yogyakarta;0
217;Daerah Istimewa Yogyakarta;Yogyakarta;Pendidikan;The Lost World Castle;30000
218;Daerah Istimewa Yogyakarta;Yogyakarta;Sejarah;Monumen Sanapati;15000
219;Daerah Istimewa Yogyakarta;Yogyakarta;Pendidikan;Jurang Tembelan Kanigoro;2500
220;Daerah Istimewa Yogyakarta;Yogyakarta;Pendidikan;The World Landmarks - Merapi Park Yogyakarta;22000
221;Daerah Istimewa Yogyakarta;Yogyakarta;Sejarah;Museum Sonobudoyo Unit I;5000
222;Daerah Istimewa Yogyakarta;Yogyakarta;Sejarah;Lava Bantal;5000
223;Daerah Istimewa Yogyakarta;Yogyakarta;Sejarah;Bukit Panguk Kediwung;250000
224;Daerah Istimewa Yogyakarta;Yogyakarta;Sejarah;Candi Prambanan;50000
225;Daerah Istimewa Yogyakarta;Yogyakarta;Sejarah;Watu Goyang;2500
226;Daerah Istimewa Yogyakarta;Yogyakarta;Sejarah;Kampung Wisata Rejowinangun;0
227;Daerah Istimewa Yogyakarta;Yogyakarta;Sejarah;Kauman Pakualaman Yogyakarta;0
228;Daerah Istimewa Yogyakarta;Yogyakarta;Sejarah;Alun-alun Utara Keraton Yogyakarta;0
229;Daerah Istimewa Yogyakarta;Yogyakarta;Alam;Pantai Goa Cemara;4000
230;Daerah Istimewa Yogyakarta;Yogyakarta;Pendidikan;Blue Lagoon Jogja;10000
231;Daerah Istimewa Yogyakarta;Yogyakarta;Pendidikan;Gumuk Pasir Parangkusumo;0
232;Daerah Istimewa Yogyakarta;Yogyakarta;Pendidikan;Bukit Lintang Sewu;2000
233;Daerah Istimewa Yogyakarta;Yogyakarta;Pendidikan;Studio Alam Gamplong;10000
234;Daerah Istimewa Yogyakarta;Yogyakarta;Pendidikan;Watu Lumbung;5000
235;Daerah Istimewa Yogyakarta;Yogyakarta;Pendidikan;Air Terjun Kedung Pedut;20000
236;Daerah Istimewa Yogyakarta;Yogyakarta;Pendidikan;Puncak Kebun Buah Mangunan;5000
237;Daerah Istimewa Yogyakarta;Yogyakarta;Pendidikan;Desa Wisata Gamplong;10000
238;Daerah Istimewa Yogyakarta;Yogyakarta;Pendidikan;Grojogan Watu Purbo Bangunrejo;10000
239;Daerah Istimewa Yogyakarta;Yogyakarta;Pendidikan;Wisata Alam Kalibiru;20000
240;Daerah Istimewa Yogyakarta;Yogyakarta;Pendidikan;Jogja Exotarium;20000
241;Daerah Istimewa Yogyakarta;Yogyakarta;Pendidikan;Puncak Gunung Api Purba - Nglanggeran;10000
242;Daerah Istimewa Yogyakarta;Yogyakarta;Pendidikan;Bendung Lepen;0
243;Daerah Istimewa Yogyakarta;Yogyakarta;Pendidikan;Bunker Kaliadem Merapi;3000
244;Daerah Istimewa Yogyakarta;Yogyakarta;Pendidikan;Ledok Sambi;0
245;Daerah Istimewa Yogyakarta;Yogyakarta;Pendidikan;Seribu Batu Songgo Langit;2000
246;Daerah Istimewa Yogyakarta;Yogyakarta;Pendidikan;Goa Jomblang;500000
247;Daerah Istimewa Yogyakarta;Yogyakarta;Pendidikan;Desa Wisata Rumah Domes/Teletubbies;5000
248;Daerah Istimewa Yogyakarta;Yogyakarta;Pendidikan;Bukit Wisata Pulepayung;10000
249;Daerah Istimewa Yogyakarta;Yogyakarta;Sejarah;Bentara Budaya Yogyakarta (BBY);0
250;Daerah Istimewa Yogyakarta;Yogyakarta;Pendidikan;Goa Rancang Kencono;5000
251;Daerah Istimewa Yogyakarta;Yogyakarta;Pendidikan;Goa Cerme;3000
252;Daerah Istimewa Yogyakarta;Yogyakarta;Sejarah;Wisata Kraton Jogja;7000
253;Daerah Istimewa Yogyakarta;Yogyakarta;Pendidikan;Desa Wisata Kelor;0
254;Daerah Istimewa Yogyakarta;Yogyakarta;Alam;Pantai Patihan;5000
255;Daerah Istimewa Yogyakarta;Yogyakarta;Alam;Pantai Kukup;10000
256;Daerah Istimewa Yogyakarta;Yogyakarta;Alam;Pantai Ngrawe (Mesra);10000
257;Daerah Istimewa Yogyakarta;Yogyakarta;Alam;Pantai Ngobaran;5000
258;Daerah Istimewa Yogyakarta;Yogyakarta;Alam;Pantai Pulang Sawal;10000
259;Daerah Istimewa Yogyakarta;Yogyakarta;Alam;Pantai Baron;10000
260;Daerah Istimewa Yogyakarta;Yogyakarta;Alam;Pantai Pok Tunggal;10000
261;Daerah Istimewa Yogyakarta;Yogyakarta;Pendidikan;Hutan Pinus Asri;2500
262;Daerah Istimewa Yogyakarta;Yogyakarta;Pendidikan;Bukit Paralayang, Watugupit;5000
263;Daerah Istimewa Yogyakarta;Yogyakarta;Sejarah;Kampung Wisata Dipowinatan;220000
264;Daerah Istimewa Yogyakarta;Yogyakarta;Pendidikan;Watu Mabur Mangunan;2500
265;Daerah Istimewa Yogyakarta;Yogyakarta;Pendidikan;Pintoe Langit Dahromo;2500
266;Daerah Istimewa Yogyakarta;Yogyakarta;Pendidikan;Green Village Gedangsari;2000
267;Daerah Istimewa Yogyakarta;Yogyakarta;Pendidikan;Kebun Teh Nglinggo;6000
268;Daerah Istimewa Yogyakarta;Yogyakarta;Pendidikan;Geoforest Watu Payung Turunan;0
269;Daerah Istimewa Yogyakarta;Yogyakarta;Alam;Pantai Timang;10000
270;Daerah Istimewa Yogyakarta;Yogyakarta;Pendidikan;Puncak Segoro;5000
271;Daerah Istimewa Yogyakarta;Yogyakarta;Sejarah;Candi Borobudur;50000
272;Daerah Istimewa Yogyakarta;Yogyakarta;Sejarah;Candi Ijo;5000
273;Daerah Istimewa Yogyakarta;Yogyakarta;Alam;Pantai Indrayanti;10000
274;Daerah Istimewa Yogyakarta;Yogyakarta;Alam;Pantai Nglambor;10000
275;Daerah Istimewa Yogyakarta;Yogyakarta;Sejarah;Museum Ullen Sentalu;100000
276;Daerah Istimewa Yogyakarta;Yogyakarta;Sejarah;Museum Gunung Merapi;10000
277;Daerah Istimewa Yogyakarta;Yogyakarta;Alam;Pantai Parangtritis;10000
278;Daerah Istimewa Yogyakarta;Yogyakarta;Pendidikan;Goa Pindul;40000
279;Daerah Istimewa Yogyakarta;Yogyakarta;Sejarah;Candi Ratu Boko;75000
280;Daerah Istimewa Yogyakarta;Yogyakarta;Alam;Pantai Depok Jogja;10000
281;Daerah Istimewa Yogyakarta;Yogyakarta;Alam;Pantai Sundak;5000
282;Daerah Istimewa Yogyakarta;Yogyakarta;Alam;Hutan Mangrove Kulon Progo;5000
283;Daerah Istimewa Yogyakarta;Yogyakarta;Pendidikan;Jogja Bay Pirates Adventure Waterpark;150000
284;Daerah Istimewa Yogyakarta;Yogyakarta;Alam;Pantai Sepanjang;10000
285;Daerah Istimewa Yogyakarta;Yogyakarta;Alam;Pantai Krakal;10000
286;Daerah Istimewa Yogyakarta;Yogyakarta;Alam;Pantai Glagah;5000
287;Daerah Istimewa Yogyakarta;Yogyakarta;Alam;Pantai Siung;10000
288;Daerah Istimewa Yogyakarta;Yogyakarta;Alam;Pantai Sadranan;10000
289;Daerah Istimewa Yogyakarta;Yogyakarta;Alam;Pantai Nguluran;10000
290;Daerah Istimewa Yogyakarta;Yogyakarta;Alam;Pantai Samas;4000
291;Daerah Istimewa Yogyakarta;Yogyakarta;Alam;Pantai Drini;10000
292;Daerah Istimewa Yogyakarta;Yogyakarta;Pendidikan;Air Terjun Sri Gethuk;15000
293;Daerah Istimewa Yogyakarta;Yogyakarta;Sejarah;Candi Sewu;50000
294;Daerah Istimewa Yogyakarta;Yogyakarta;Alam;Pantai Wediombo;5000
295;Daerah Istimewa Yogyakarta;Yogyakarta;Alam;Pantai Jogan;5000
296;Daerah Istimewa Yogyakarta;Yogyakarta;Alam;Pantai Ngrenehan;3000
297;Daerah Istimewa Yogyakarta;Yogyakarta;Alam;Pantai Jungwok;5000
298;Daerah Istimewa Yogyakarta;Yogyakarta;Alam;Pantai Greweng;5000
299;Daerah Istimewa Yogyakarta;Yogyakarta;Alam;Pantai Sedahan;5000
300;Daerah Istimewa Yogyakarta;Yogyakarta;Alam;Pantai Watu Kodok;5000
301;Daerah Istimewa Yogyakarta;Yogyakarta;Alam;Pantai Kesirat;5000
302;Daerah Istimewa Yogyakarta;Yogyakarta;Alam;Pantai Ngandong;10000
303;Daerah Istimewa Yogyakarta;Yogyakarta;Pendidikan;Galaxy Waterpark Jogja;40000
304;Daerah Istimewa Yogyakarta;Yogyakarta;Pendidikan;Desa Wisata Pulesari;0
305;Daerah Istimewa Yogyakarta;Yogyakarta;Pendidikan;Desa Wisata Tembi;50000
306;Daerah Istimewa Yogyakarta;Yogyakarta;Pendidikan;Wisata Kaliurang;8000
307;Daerah Istimewa Yogyakarta;Yogyakarta;Pendidikan;Heha Sky View;15000
308;Daerah Istimewa Yogyakarta;Yogyakarta;Pendidikan;Taman Sungai Mudal;10000
309;Daerah Istimewa Yogyakarta;Yogyakarta;Alam;Pantai Sanglen;10000
310;Daerah Istimewa Yogyakarta;Yogyakarta;Alam;Pantai Congot;3000
311;Jawa Barat;Bandung;Pendidikan;GunungTangkuban perahu;30000
312;Jawa Barat;Bandung;Sejarah;Jalan Braga;0
313;Jawa Barat;Bandung;Sejarah;Gedung Sate;5000
314;Jawa Barat;Bandung;Pendidikan;Trans Studio Bandung;280000
315;Jawa Barat;Bandung;Pendidikan;Taman Hutan Raya Ir. H. Djuanda;15000
316;Jawa Barat;Bandung;Pendidikan;Farm House Susu Lembang;30000
317;Jawa Barat;Bandung;Pendidikan;Kebun Binatang Bandung;20000
318;Jawa Barat;Bandung;Pendidikan;Kawah Putih;81000
319;Jawa Barat;Bandung;Pendidikan;Tebing Karaton;15000
320;Jawa Barat;Bandung;Pendidikan;Dusun Bambu;25000
321;Jawa Barat;Bandung;Sejarah;Museum Geologi Bandung;2000
322;Jawa Barat;Bandung;Sejarah;Museum Konferensi Asia Afrika;0
323;Jawa Barat;Bandung;Religi;Masjid Raya Bandung;0
324;Jawa Barat;Bandung;Pendidikan;Dago Dreampark;40000
325;Jawa Barat;Bandung;Pendidikan;Orchid Forest Cikole;50000
326;Jawa Barat;Bandung;Pendidikan;Kawasan Punclut;20000
327;Jawa Barat;Bandung;Pendidikan;Alun-Alun Kota Bandung;0
328;Jawa Barat;Bandung;Sejarah;Museum Sri Baduga;3000
329;Jawa Barat;Bandung;Pendidikan;Rabbit Town;45000
330;Jawa Barat;Bandung;Pendidikan;Stone Garden Citatah;30000
331;Jawa Barat;Bandung;Pendidikan;The Great Asia Africa;50000
332;Jawa Barat;Bandung;Pendidikan;Bukit Moko;25000
333;Jawa Barat;Bandung;Pendidikan;Gunung Papandayan;30000
334;Jawa Barat;Bandung;Sejarah;Amazing Art World;75000
335;Jawa Barat;Bandung;Pendidikan;Gua Belanda;15000
336;Jawa Barat;Bandung;Pendidikan;Taman Balai Kota Bandung;0
337;Jawa Barat;Bandung;Pendidikan;Panghegar Waterboom Bandung;75000
338;Jawa Barat;Bandung;Pendidikan;Gunung Manglayang;7500
339;Jawa Barat;Bandung;Pendidikan;Lembang Park & Zoo;50000
340;Jawa Barat;Bandung;Pendidikan;Taman Lalu Lintas Ade Irma Suryani Nasution;7000
341;Jawa Barat;Bandung;Pendidikan;Lawangwangi Creative Space;0
342;Jawa Barat;Bandung;Pendidikan;Curug Dago;12000
343;Jawa Barat;Bandung;Sejarah;Kampung Korea Bandung;15000
344;Jawa Barat;Bandung;Pendidikan;Kampung Batu Malakasari;10000
345;Jawa Barat;Bandung;Pendidikan;Jendela Alam;20000
346;Jawa Barat;Bandung;Pendidikan;Curug Tilu Leuwi Opat;10000
347;Jawa Barat;Bandung;Pendidikan;Kiara Artha Park;15000
348;Jawa Barat;Bandung;Pendidikan;NuArt Sculpture Park;50000
349;Jawa Barat;Bandung;Pendidikan;Upside Down World Bandung;100000
350;Jawa Barat;Bandung;Pendidikan;Pesona Nirwana Waterpark & Cottages;50000
351;Jawa Barat;Bandung;Pendidikan;Taman Lansia;0
352;Jawa Barat;Bandung;Pendidikan;Kampoeng Tulip;15000
353;Jawa Barat;Bandung;Pendidikan;Selasar Sunaryo Art Space;25000
354;Jawa Barat;Bandung;Pendidikan;Teras Cikapundung BBWS;0
355;Jawa Barat;Bandung;Sejarah;Museum Barli;15000
356;Jawa Barat;Bandung;Pendidikan;Wisata Batu Kuda;10000
357;Jawa Barat;Bandung;Sejarah;Monumen Bandung Lautan Api;0
358;Jawa Barat;Bandung;Sejarah;Museum Gedung Sate;5000
359;Jawa Barat;Bandung;Sejarah;Monumen Perjuangan Rakyat Jawa Barat;0
360;Jawa Barat;Bandung;Sejarah;Museum Pos Indonesia;0
361;Jawa Barat;Bandung;Pendidikan;Ciwangun Indah Camp Official;10000
362;Jawa Barat;Bandung;Pendidikan;Wot Batu;50000
363;Jawa Barat;Bandung;Pendidikan;Curug Batu Templek;5000
364;Jawa Barat;Bandung;Religi;Gereja Katedral Santo Petrus Bandung;0
365;Jawa Barat;Bandung;Sejarah;Museum Mandala Wangsit Siliwangi;0
366;Jawa Barat;Bandung;Pendidikan;Caringin Tilu;0
367;Jawa Barat;Bandung;Pendidikan;Panama Park 825;50000
368;Jawa Barat;Bandung;Pendidikan;Sudut Pandang Bandung;50000
369;Jawa Barat;Bandung;Pendidikan;Bumi Perkemahan Batu Kuda;7500
370;Jawa Barat;Bandung;Pendidikan;Bukit Bintang;25000
371;Jawa Barat;Bandung;Pendidikan;Taman Vanda;0
372;Jawa Barat;Bandung;Sejarah;Taman Budaya Jawa Barat;0
373;Jawa Barat;Bandung;Pendidikan;Curug Bugbrug;7500
374;Jawa Barat;Bandung;Pendidikan;Babakan Siliwangi City Forest Path Bandung;0
375;Jawa Barat;Bandung;Pendidikan;Curug Cipanas;20000
376;Jawa Barat;Bandung;Pendidikan;Taman Jomblo;10000
377;Jawa Barat;Bandung;Pendidikan;Peta Park;15000
378;Jawa Barat;Bandung;Religi;Masjid Daarut Tauhiid Bandung;0
379;Jawa Barat;Bandung;Religi;Masjid Agung Trans Studio Bandung;0
380;Jawa Barat;Bandung;Religi;Gereja Tiberias Indonesia Bandung;0
381;Jawa Barat;Bandung;Pendidikan;Tektona Waterpark;60000
382;Jawa Barat;Bandung;Pendidikan;Curug Cilengkrang;7500
383;Jawa Barat;Bandung;Pendidikan;Jembatan Pasupati;0
384;Jawa Barat;Bandung;Sejarah;Taman Sejarah Bandung;0
385;Jawa Barat;Bandung;Sejarah;Roemah Seni Sarasvati;0
386;Jawa Barat;Bandung;Pendidikan;Puspa Iptek Sundial;25000
387;Jawa Barat;Bandung;Religi;Masjid Salman ITB;0
388;Jawa Barat;Bandung;Pendidikan;Curug Aseupan;10000
389;Jawa Barat;Bandung;Sejarah;Museum Pendidikan Nasional;5000
390;Jawa Barat;Bandung;Pendidikan;Water Park Bandung Indah;50000
391;Jawa Barat;Bandung;Pendidikan;Curug Anom;0
392;Jawa Barat;Bandung;Pendidikan;Taman Badak;0
393;Jawa Barat;Bandung;Sejarah;Taman Film;0
394;Jawa Barat;Bandung;Sejarah;Museum Nike Ardilla;0
395;Jawa Barat;Bandung;Pendidikan;Batununggal Indah Club;70000
396;Jawa Barat;Bandung;Pendidikan;Mountain View Golf Club;375000
397;Jawa Barat;Bandung;Pendidikan;Gunung Lalakon;0
398;Jawa Barat;Bandung;Pendidikan;Sendang Geulis Kahuripan;10000
399;Jawa Barat;Bandung;Pendidikan;Sanghyang Heuleut;10000
400;Jawa Barat;Bandung;Pendidikan;Lereng Anteng Panoramic Coffee Place;50000
401;Jawa Barat;Bandung;Religi;Masjid Pusdai;0
402;Jawa Barat;Bandung;Religi;Masjid Al-Imtizaj;0
403;Jawa Barat;Bandung;Pendidikan;Situ Cileunca;2500
404;Jawa Barat;Bandung;Pendidikan;Sunrise Point Cukul;10000
405;Jawa Barat;Bandung;Pendidikan;Sungai Palayangan;150000
406;Jawa Barat;Bandung;Pendidikan;Perkebunan Teh Malabar;5000
407;Jawa Barat;Bandung;Pendidikan;Pemandian Air Panas Ciater;15000
408;Jawa Barat;Bandung;Pendidikan;Observatorium Bosscha;25000
409;Jawa Barat;Bandung;Pendidikan;Taman Bunga Cihideung;0
410;Jawa Barat;Bandung;Pendidikan;The Lodge Maribaya;25000
411;Jawa Barat;Bandung;Pendidikan;Taman Hutan Raya Ir. H. Juanda;11000
412;Jawa Barat;Bandung;Pendidikan;Taman Begonia;10000
413;Jawa Barat;Bandung;Pendidikan;Tafso Barn;0
414;Jawa Barat;Bandung;Pendidikan;Curug Luhur Waterfall;5000
415;Jawa Barat;Bandung;Pendidikan;Curug Malela;10000
416;Jawa Barat;Bandung;Pendidikan;Curug Cimahi;15000
417;Jawa Barat;Bandung;Pendidikan;Situ Patenggang;20000
418;Jawa Barat;Bandung;Pendidikan;Kawah Rengganis Cibuni;5000
419;Jawa Barat;Bandung;Pendidikan;Pemandian Air Panas Cimanggu;23000
420;Jawa Barat;Bandung;Pendidikan;Glamping Lakeside Rancabali;30000
421;Jawa Barat;Bandung;Pendidikan;Bukit Jamur;0
422;Jawa Barat;Bandung;Pendidikan;Kebun Tanaman Obat Sari Alam;0
423;Jawa Barat;Bandung;Pendidikan;Happyfarm Ciwidey;15000
424;Jawa Barat;Bandung;Sejarah;Saung Angklung Mang Udjo;75000
425;Jawa Barat;Bandung;Pendidikan;Taman Kupu-Kupu Cihanjuang;10000
426;Jawa Barat;Bandung;Pendidikan;Taman Miniatur Kereta Api;15000
427;Jawa Barat;Bandung;Pendidikan;Gua Pawon;10000
428;Jawa Barat;Bandung;Pendidikan;Bukit Gantole Cililin;0
429;Jawa Barat;Bandung;Sejarah;Bandros City Tour;40000
430;Jawa Barat;Bandung;Sejarah;Kyotoku Floating Market;175000
431;Jawa Barat;Bandung;Pendidikan;Rainbow Garden;20000
432;Jawa Barat;Bandung;Pendidikan;Kota Mini;20000
433;Jawa Barat;Bandung;Pendidikan;Chingu Cafe Little Seoul;50000
434;Jawa Tengah;Semarang;Sejarah;Candi Gedong Songo;10000
435;Jawa Tengah;Semarang;Pendidikan;Grand Maerakaca;15000
436;Jawa Tengah;Semarang;Pendidikan;Kampung Pelangi;3000
437;Jawa Tengah;Semarang;Sejarah;Lawang Sewu;10000
438;Jawa Tengah;Semarang;Sejarah;Sam Poo Kong Temple;35000
439;Jawa Tengah;Semarang;Pendidikan;Desa Wisata Lembah Kalipancur;0
440;Jawa Tengah;Semarang;Pendidikan;Hutan Wisata Tinjomoyo Semarang;3000
441;Jawa Tengah;Semarang;Pendidikan;Taman Kasmaran;3000
442;Jawa Tengah;Semarang;Alam;Pantai Baruna;3000
443;Jawa Tengah;Semarang;Alam;Pantai Marina;3000
444;Jawa Tengah;Semarang;Sejarah;Kampoeng Djadhoel Semarang;10000
445;Jawa Tengah;Semarang;Pendidikan;Indonesia Kaya Park;0
446;Jawa Tengah;Semarang;Pendidikan;Taman Pandanaran;0
447;Jawa Tengah;Semarang;Sejarah;Pura Giri Natha;20000
448;Jawa Tengah;Semarang;Pendidikan;Wisata Mangrove Tapak;5000
449;Jawa Tengah;Semarang;Alam;Pantai Cipta;5000
450;Jawa Tengah;Semarang;Sejarah;Old City 3D Trick Art Museum;50000
451;Jawa Tengah;Semarang;Religi;GPIB Immanuel Semarang (Gereja Blenduk);0
452;Jawa Tengah;Semarang;Pendidikan;Taman Srigunting;0
453;Jawa Tengah;Semarang;Sejarah;Semarang Contemporary Art Gallery;10000
454;Jawa Tengah;Semarang;Pendidikan;Umbul Sidomukti;75000
455;Jawa Tengah;Semarang;Pendidikan;Saloka Theme Park;150000
456;Jawa Tengah;Semarang;Pendidikan;Wisata Alam Wana Wisata Penggaron;10000
457;Jawa Tengah;Semarang;Religi;Masjid Kapal Semarang;0
458;Jawa Tengah;Semarang;Pendidikan;Taman Bunga Celosia;25000
459;Jawa Tengah;Semarang;Pendidikan;Air Terjun Kali Pancur;5000
460;Jawa Tengah;Semarang;Pendidikan;Wisata Kampung Krisan Clapar;10000
461;Jawa Tengah;Semarang;Pendidikan;Danau Rawa Pening;15000
462;Jawa Tengah;Semarang;Alam;Pantai Maron;5000
463;Jawa Tengah;Semarang;Pendidikan;Water Blaster Bukit Candi Golf;80000
464;Jawa Tengah;Semarang;Pendidikan;Waduk Jatibarang;2500
465;Jawa Tengah;Semarang;Pendidikan;Tirto Argo Siwarak;20000
466;Jawa Tengah;Semarang;Pendidikan;Wisata Lereng Kelir;7000
467;Jawa Tengah;Semarang;Pendidikan;Kampoeng Rawa;3000
468;Jawa Tengah;Semarang;Sejarah;Monumen Palagan Ambarawa;7500
469;Jawa Tengah;Semarang;Sejarah;Benteng Pendem;5000
470;Jawa Tengah;Semarang;Pendidikan;Wisata Eling Bening;25000
471;Jawa Tengah;Semarang;Pendidikan;Gua Maria Kerep Ambarawa;2000
472;Jawa Tengah;Semarang;Sejarah;Museum Kereta Ambarawa;10000
473;Jawa Tengah;Semarang;Pendidikan;Hutan Pinus Kayon;6000
474;Jawa Tengah;Semarang;Sejarah;Kota Lama Semarang;0
475;Jawa Tengah;Semarang;Sejarah;Semarang Chinatown;30000
476;Jawa Tengah;Semarang;Pendidikan;La Kana Chapel;35000
477;Jawa Tengah;Semarang;Pendidikan;Jembatan Biru Ambarawa;0
478;Jawa Tengah;Semarang;Pendidikan;Goa Rong;5000
479;Jawa Tengah;Semarang;Religi;Masjid Agung Ungaran;0
480;Jawa Tengah;Semarang;Sejarah;Tugu Muda Semarang;0
481;Jawa Tengah;Semarang;Pendidikan;Kampoeng Kopi Banaran;200000
482;Jawa Tengah;Semarang;Pendidikan;Taman Tabanas;0
483;Jawa Tengah;Semarang;Sejarah;Kampung Tematik Jawi;0
484;Jawa Tengah;Semarang;Sejarah;Kampung Batik Gedong Semarang;0
485;Jawa Tengah;Semarang;Pendidikan;Air Terjun Semirang;9000
486;Jawa Tengah;Semarang;Pendidikan;Obyek Wisata Goa Kreo;5500
487;Jawa Tengah;Semarang;Pendidikan;Watu Gunung Ungaran;25000
488;Jawa Tengah;Semarang;Pendidikan;Brown Canyon;0
489;Jawa Tengah;Semarang;Pendidikan;Durian Gardens and Tourism Education Watu Simbar;5000
490;Jawa Tengah;Semarang;Pendidikan;Flower Farm Setiya Aji;7500
491;Jawa Timur;Surabaya;Pendidikan;Ekowisata Mangrove Wonorejo;0
492;Jawa Timur;Surabaya;Pendidikan;Taman Harmoni Keputih;0
493;Jawa Timur;Surabaya;Pendidikan;Air Mancur Menari;35000
494;Jawa Timur;Surabaya;Pendidikan;Taman Prestasi;0
495;Jawa Timur;Surabaya;Sejarah;Monumen Kapal Selam;15000
496;Jawa Timur;Surabaya;Pendidikan;Taman Kunang-Kunang;0
497;Jawa Timur;Surabaya;Pendidikan;Taman Buah Surabaya;0
498;Jawa Timur;Surabaya;Pendidikan;Taman Pelangi;0
499;Jawa Timur;Surabaya;Pendidikan;Hutan Bambu Keputih;0
500;Jawa Timur;Surabaya;Pendidikan;Taman Keputran;0
501;Jawa Timur;Surabaya;Pendidikan;Taman Barunawati;0
502;Jawa Timur;Surabaya;Pendidikan;Kenjeran Park;35000
503;Jawa Timur;Surabaya;Pendidikan;Surabaya North Quay;50000
504;Jawa Timur;Surabaya;Pendidikan;Kebun Bibit Wonorejo;0
505;Jawa Timur;Surabaya;Pendidikan;Taman Ekspresi Dan Perpustakaan;0
506;Jawa Timur;Surabaya;Pendidikan;Kebun Binatang Surabaya;15000
507;Jawa Timur;Surabaya;Sejarah;Rumah Batik;0
508;Jawa Timur;Surabaya;Pendidikan;Ciputra Waterpark;95000
509;Jawa Timur;Surabaya;Religi;Masjid Muhammad Cheng Hoo;0
510;Jawa Timur;Surabaya;Religi;Masjid Nasional Al-Akbar;0
511;Jawa Timur;Surabaya;Sejarah;Museum TNI AL Loka Jala Crana;2000
512;Jawa Timur;Surabaya;Sejarah;Jembatan Merah;0
513;Jawa Timur;Surabaya;Sejarah;Museum De Javasche Bank;5000
514;Jawa Timur;Surabaya;Sejarah;Keraton Surabaya;0
515;Jawa Timur;Surabaya;Sejarah;Klenteng Sanggar Agung;10000
516;Jawa Timur;Surabaya;Sejarah;Museum Sepuluh Nopember Kota Surabaya;5000
517;Jawa Timur;Surabaya;Sejarah;Monumen Tugu Pahlawan;0
518;Jawa Timur;Surabaya;Sejarah;Surabaya Museum (Gedung Siola);0
519;Jawa Timur;Surabaya;Sejarah;Museum Kesehatan Dr. Adhyatma;10000
520;Jawa Timur;Surabaya;Sejarah;Monumen Jalesveva Jayamahe;0
521;Jawa Timur;Surabaya;Sejarah;Patung Sura dan Buaya;0
522;Jawa Timur;Surabaya;Alam;Pantai Ria Kenjeran;15000
523;Jawa Timur;Surabaya;Pendidikan;Waterpark Kenjeran Surabaya;35000
524;Jawa Timur;Surabaya;Sejarah;Balai Kota Surabaya;0
525;Jawa Timur;Surabaya;Sejarah;Patung Buddha Empat Rupa;0
526;Jawa Timur;Surabaya;Sejarah;Monumen Bambu Runcing Surabaya;0
527;Jawa Timur;Surabaya;Sejarah;House of Sampoerna;0
528;Jawa Timur;Surabaya;Pendidikan;Atlantis Land Surabaya;125000
529;Jawa Timur;Surabaya;Pendidikan;Taman Hiburan Rakyat;5000
530;Jawa Timur;Surabaya;Pendidikan;Taman Mundu;0
531;Jawa Timur;Surabaya;Sejarah;Museum Mpu Tantular;2000
532;Jawa Timur;Surabaya;Pendidikan;Taman Bungkul;0
533;Jawa Timur;Surabaya;Pendidikan;Taman Air Mancur Menari Kenjeran;0
534;Jawa Timur;Surabaya;Pendidikan;Taman Flora Bratang Surabaya;0
535;Jawa Timur;Surabaya;Religi;Gereja Perawan Maria Tak Berdosa Surabaya;10000
