Province;Regency;Category;Name;Price;Rating;Jumlah Rating
Aceh;Kabupaten Aceh Barat;Religi;Masjid Agung Baitul Makmur Meulaboh;;4.7;2947
Aceh;Kabupaten Aceh Barat;Alam;Pantai Ceuremen;;;
Aceh;Kabupaten Aceh Barat;Alam;Meureubo;;;
Aceh;Kabupaten Aceh Barat;Sejarah;Tugu Kupiah Teuku Umar;;4.6;866
Aceh;Kabupaten Aceh Barat;Alam;Pantai Suak Ribe;;4.2;320
Aceh;Kabupaten Aceh Barat;Alam;Pantai Lhok Bubon;;4.3;134
Aceh;Kabupaten Aceh Barat;Alam;Air Terjun Pungkie;;4.4;5
Aceh;Kabupaten Aceh Barat;Alam;Suak Ujong Kalak;;4.2;6
Aceh;Kabupaten Aceh Barat Daya;Alam;Danau Geunang Geudong;;3.8;20
Aceh;Kabupaten Aceh Barat Daya;Alam;Pantai Ujong Manggeng;;4.1;73
Aceh;Kabupaten Aceh Barat Daya;Alam;Air Terjun Ceuraceu Panto Cut;;4.0;12
Aceh;Kabupaten Aceh Besar;Sejarah;Rumoh Cut Nyak Dien;;4.5;1027
Aceh;Kabupaten Aceh Besar;Alam;Wahana Impian Malaka 69;;4.3;2124
Aceh;Kabupaten Aceh Besar;Religi;Masjid Rahmatullah Lampuuk;;4.8;823
Aceh;Kabupaten Aceh Besar;Alam;Taman Rusa Lam Tanjong;;4.3;1616
Aceh;Kabupaten Aceh Besar;Alam;Kebun Kurma Aceh;;4.4;753
Aceh;Kabupaten Aceh Besar;Alam;Gurun Putih Lestari Safari Park;;4.5;455
Aceh;Kabupaten Aceh Besar;Alam;Pasir Putih Beach. Lhok Mee;;4.4;602
Aceh;Kabupaten Aceh Besar;Alam;Bukit Lamreh;;4.4;381
Aceh;Kabupaten Aceh Besar;Religi;Old Mosque Indrapuri;;4.8;256
Aceh;Kabupaten Aceh Besar;Alam;Lhok Mata Ie Beach;;4.7;276
Aceh;Kabupaten Aceh Besar;Alam;Jantho Panorama Park;;4.4;335
Aceh;Kabupaten Aceh Besar;Alam;Mata Ie Public Swimming Pool;;4.3;546
Aceh;Kabupaten Aceh Besar;Alam;Tourism Village Lubuk Sukon;;4.4;292
Aceh;Kabupaten Aceh Besar;Alam;Air Terjun Kuta Malaka;;4.4;239
Aceh;Kabupaten Aceh Besar;Alam;Pantai Ujong Batee;;4.2;564
Aceh;Kabupaten Aceh Besar;Alam;Pucok Krueng;;4.4;199
Aceh;Kabupaten Aceh Besar;Sejarah;Indrapatra Fortress;;4.3;269
Aceh;Kabupaten Aceh Besar;Alam;Taman Hutan Raya Pocut Meurah Intan;;4.4;280
Aceh;Kabupaten Aceh Besar;Alam;Pulau Kapuk;;4.2;430
Aceh;Kabupaten Aceh Besar;Alam;Desa Wisata Nusa. Aceh;;4.6;97
Aceh;Kabupaten Aceh Besar;Alam;Pantai Rinting;;4.5;92
Aceh;Kabupaten Aceh Besar;Alam;Mon Ceunong;;4.6;78
Aceh;Kabupaten Aceh Besar;Religi;Masjid Sinar Desa;;4.6;76
Aceh;Kabupaten Aceh Besar;Alam;Air Terjun Peucari Jantho;;4.4;62
Aceh;Kabupaten Aceh Besar;Sejarah;Mass grave Tsunami Victims;;4.5;53
Aceh;Kabupaten Aceh Besar;Alam;Waduk Keuliling;;4.1;182
Aceh;Kabupaten Aceh Besar;Alam;Lingkok Kuwieng;;4.3;56
Aceh;Kabupaten Aceh Besar;Alam;Taman Tepi Laut Lhoknga Hotel;;4.2;82
Aceh;Kabupaten Aceh Besar;Alam;Jembatan Seunapet;;4.9;10
Aceh;Kabupaten Aceh Besar;Alam;Pantai meulingge;;5.0;2
Aceh;Kabupaten Aceh Besar;Alam;Ilalang Park;;4.2;51
Aceh;Kabupaten Aceh Besar;Alam;Pantai Jantang;;4.3;52
Aceh;Kabupaten Aceh Besar;Alam;Taman Wisata Kota Jantho;;4.1;61
Aceh;Kabupaten Aceh Besar;Alam;Ujong Eumpee;;5.0;5
Aceh;Kabupaten Aceh Besar;Alam;Pantai Babah Kuala;;4.4;5
Aceh;Kabupaten Aceh Besar;Alam;Babah Kuala Mon Ikeun;;4.4;37
Aceh;Kabupaten Aceh Besar;Alam;Wisata Air terjun suhom;;4.2;14
Aceh;Kabupaten Aceh Besar;Alam;Cafe Pantai Ujung Pancu;;4.3;6
Aceh;Kabupaten Aceh Besar;Alam;Mataie Hillside Adventure & Water Park;;4.0;256
Aceh;Kabupaten Aceh Besar;Alam;Lampuuk Beach;;4.6;1965
Aceh;Kabupaten Aceh Besar;Alam;Jalan tembus JanthoLamno;;4.1;31
Aceh;Kabupaten Aceh Besar;Alam;Lhoknga Beach;;4.5;318
Aceh;Kabupaten Aceh Besar;Alam;Seulawah Agam;;4.1;211
Aceh;Kabupaten Aceh Besar;Alam;LHOKNGA Sea Side Resort;;4.0;81
Aceh;Kabupaten Aceh Besar;Alam;Ujung Kelindu;;4.5;6
Aceh;Kabupaten Aceh Besar;Alam;Ujung Pancu;;4.2;47
Aceh;Kabupaten Aceh Besar;Alam;Lange Beach;;4.3;77
Aceh;Kabupaten Aceh Besar;Alam;Point Batee;;4.4;14
Aceh;Kabupaten Aceh Besar;Alam;Air Terjun Peukan Bilui;;4.0;50
Aceh;Kabupaten Aceh Besar;Alam;Pulau Batee;;4.5;11
Aceh;Kabupaten Aceh Besar;Alam;Krueng Raba;;5.0;2
Aceh;Kabupaten Aceh Besar;Alam;Goh Leumo;;4.6;20
Aceh;Kabupaten Aceh Besar;Alam;Bunta Island;;4.5;26
Aceh;Kabupaten Aceh Besar;Alam;Pantai Indra Patra;;4.0;8
Aceh;Kabupaten Aceh Besar;Alam;Pigeon Tourist Park;;3.5;311
Aceh;Kabupaten Aceh Besar;Alam;Brayeung. Leupung;;4.3;830
Aceh;Kabupaten Aceh Jaya;Alam;Puncak Gunung Geurute;;4.6;2932
Aceh;Kabupaten Aceh Jaya;Alam;CRU Sampoiniet. Sarah Deu;;4.6;131
Aceh;Kabupaten Aceh Jaya;Alam;CELOCIA GARDEN ACEH JAYA;;4.2;264
Aceh;Kabupaten Aceh Jaya;Alam;Pasie Saka Beach;;4.4;41
Aceh;Kabupaten Aceh Jaya;Alam;Pantai Kuala Merisi;;4.2;111
Aceh;Kabupaten Aceh Jaya;Alam;Air terjun ceuraceu alue teungoh;;4.6;7
Aceh;Kabupaten Aceh Jaya;Alam;Pantai Rigaih;;4.1;199
Aceh;Kabupaten Aceh Jaya;Alam;Teunom River;;3.8;4
Aceh;Kabupaten Aceh Jaya;Alam;Pulau Reusam;;3.9;14
Aceh;Kabupaten Aceh Jaya;Alam;Pulau Keueh;;4.4;29
Aceh;Kabupaten Aceh Jaya;Alam;Pulau Kluang;;4.8;21
Aceh;Kabupaten Aceh Selatan;Alam;Tapak Tuan Tapa;;4.4;1716
Aceh;Kabupaten Aceh Selatan;Religi;Masjid Agung Istiqamah Tapaktuan;;4.8;303
Aceh;Kabupaten Aceh Selatan;Alam;Pantai Sawang Biduk Buruak (SBB);;4.4;271
Aceh;Kabupaten Aceh Selatan;Alam;Air Terjun Tingkat Tujuh;;4.3;308
Aceh;Kabupaten Aceh Selatan;Alam;PULAU DUA;;4.6;92
Aceh;Kabupaten Aceh Selatan;Alam;Pantai Batee Puteh;;4.4;47
Aceh;Kabupaten Aceh Selatan;Alam;Jembatan Krueng Baru;;4.2;83
Aceh;Kabupaten Aceh Selatan;Alam;Pantai Lhok Rukam;;4.5;22
Aceh;Kabupaten Aceh Selatan;Sejarah;Benteng Kerajaan Trumon  Cagar Budaya Aceh Selatatan;;4.2;35
Aceh;Kabupaten Aceh Selatan;Alam;Puncak Grapella Tapaktuan;;4.4;21
Aceh;Kabupaten Aceh Selatan;Alam;Pantai Pasir Putih;;4.0;134
Aceh;Kabupaten Aceh Selatan;Alam;Gunung Lampu;;4.4;12
Aceh;Kabupaten Aceh Selatan;Alam;Mount Leuser National Park;;4.5;202
Aceh;Kabupaten Aceh Singkil;Alam;Pulau Palambakbesar;;4.9;14
Aceh;Kabupaten Aceh Singkil;Alam;Nirvana Diving Taïlana Island;;4.5;32
Aceh;Kabupaten Aceh Singkil;Alam;Pulau Banyak Travel;;4.2;25
Aceh;Kabupaten Aceh Singkil;Alam;Pulau Asok;;4.8;9
Aceh;Kabupaten Aceh Singkil;Alam;Pantai Cemara Indah;;4.3;9
Aceh;Kabupaten Aceh Singkil;Alam;Pulau Rangitkecil;;4.7;33
Aceh;Kabupaten Aceh Singkil;Alam;Ujung Lolok;;5.0;1
Aceh;Kabupaten Aceh Singkil;Alam;Pantai Pulo Sarok;;4.1;57
Aceh;Kabupaten Aceh Tamiang;Alam;Tourism Kuala Paret;;4.3;131
Aceh;Kabupaten Aceh Tamiang;Alam;Gunung Pandan River Tourism Area;;4.1;190
Aceh;Kabupaten Aceh Tamiang;Sejarah;Istana Kerajaan Karang;;4.2;103
Aceh;Kabupaten Aceh Tamiang;Alam;Air Terjun Sangkapane;;4.4;45
Aceh;Kabupaten Aceh Tamiang;Alam;Air Terjun Gunung Pandan;;5.0;2
Aceh;Kabupaten Aceh Tamiang;Alam;Sungai Tamiang;;4.3;3
Aceh;Kabupaten Aceh Tamiang;Alam;Bukit Kerang;;3.6;13
Aceh;Kabupaten Aceh Tamiang;Alam;Pantai Pulau Rukui Alur Nunang;;3.0;14
Aceh;Kabupaten Aceh Tengah;Alam;Pantan Terong;;4.5;2965
Aceh;Kabupaten Aceh Tengah;Alam;Bur Telege  Takengon;;4.5;1088
Aceh;Kabupaten Aceh Tengah;Alam;Pante Menye;;4.4;732
Aceh;Kabupaten Aceh Tengah;Alam;Travel Rafting;;4.6;552
Aceh;Kabupaten Aceh Tengah;Alam;Kota Takengon;;4.7;218
Aceh;Kabupaten Aceh Tengah;Alam;Buntul Rintis;;4.2;683
Aceh;Kabupaten Aceh Tengah;Religi;Masjid Agung Ruhama Kota Takengon;;4.6;181
Aceh;Kabupaten Aceh Tengah;Alam;Burtelege Villa Gayo High Land;;4.6;97
Aceh;Kabupaten Aceh Tengah;Alam;Air Terjun Mengaya;;4.4;152
Aceh;Kabupaten Aceh Tengah;Alam;Ujung Nunang;;4.3;149
Aceh;Kabupaten Aceh Tengah;Alam;Lancuk Leweng;;4.4;88
Aceh;Kabupaten Aceh Tengah;Alam;Dermaga Takengon;;4.1;410
Aceh;Kabupaten Aceh Tengah;Alam;Putri Pukes Cave;;4.1;267
Aceh;Kabupaten Aceh Tengah;Alam;Tambatan Perahu Lot Kala;;4.2;133
Aceh;Kabupaten Aceh Tengah;Pendidikan;Umah Pitu Ruang;;4.3;38
Aceh;Kabupaten Aceh Tengah;Alam;Danau Laut Tawar Aceh Tengah;;4.6;8
Aceh;Kabupaten Aceh Tengah;Alam;Loyang Mendale;;4.2;38
Aceh;Kabupaten Aceh Tengah;Alam;Goa Loyang Koro;;4.0;157
Aceh;Kabupaten Aceh Tengah;Alam;Lake Laut Tawar;;4.5;274
Aceh;Kabupaten Aceh Tengah;Pendidikan;Museum Gayo;;4.0;84
Aceh;Kabupaten Aceh Tengah;Alam;Gunung Singgah Mata;;4.9;9
Aceh;Kabupaten Aceh Tengah;Alam;Burni Dedamar;;4.9;7
Aceh;Kabupaten Aceh Tengah;Alam;Natural park takengon;;3.9;94
Aceh;Kabupaten Aceh Tenggara;Religi;Masjid Agung AtTaqwa;;4.8;525
Aceh;Kabupaten Aceh Tenggara;Alam;Mount Leuser National Park;;4.5;202
Aceh;Kabupaten Aceh Tenggara;Alam;Ketambe Trek & Orangutan Explore;;4.3;58
Aceh;Kabupaten Aceh Timur;Alam;Pantai Leuge;;4.2;381
Aceh;Kabupaten Aceh Timur;Alam;Pantai pelangi matang Rayeuk pp;;4.1;143
Aceh;Kabupaten Aceh Timur;Alam;Pantai Matang Rayeuk;;4.3;12
Aceh;Kabupaten Aceh Timur;Alam;Air Terjun Terujak;;4.2;5
Aceh;Kabupaten Aceh Timur;Alam;Pantai Peudawa;;4.2;57
Aceh;Kabupaten Aceh Utara;Religi;Masjid Raya Pase Kota Panton Labu;;4.7;462
Aceh;Kabupaten Aceh Utara;Alam;Air Terjun Blang Kolam;;4.2;395
Aceh;Kabupaten Aceh Utara;Religi;Museum Islam Samudra Pasai;;4.2;234
Aceh;Kabupaten Aceh Utara;Alam;Krueng Tuan. Nisam Antara;;4.1;237
Aceh;Kabupaten Aceh Utara;Alam;KRUENG SAWEUK;;4.2;111
Aceh;Kabupaten Aceh Utara;Pendidikan;House of Cut Meutia at North Aceh;;5.0;14
Aceh;Kabupaten Aceh Utara;Alam;Wisata Lhok Seulayang;;4.1;75
Aceh;Kabupaten Aceh Utara;Alam;Pantai Ulee Rubek. (Seunuddon);;4.0;176
Aceh;Kabupaten Aceh Utara;Alam;Pantai Ungu Lhok Puuk seunudon Aceh Utara;;4.0;150
Aceh;Kabupaten Aceh Utara;Alam;Air Terjun Rayap;;4.0;169
Aceh;Kabupaten Aceh Utara;Alam;Pantai Bangka Jaya;;4.0;137
Aceh;Kabupaten Aceh Utara;Alam;Gunung Salak;;4.1;248
Aceh;Kabupaten Aceh Utara;Alam;Pantai Lancok;;3.9;657
Aceh;Kabupaten Aceh Utara;Alam;Pantai Sawang;;3.7;32
Aceh;Kabupaten Bener Meriah;Alam;Burni Telong;;4.9;14
Aceh;Kabupaten Bener Meriah;Alam;Air Terjun Tansaran Bidin;;4.5;130
Aceh;Kabupaten Bener Meriah;Alam;Geureudong;;4.3;20
Aceh;Kabupaten Bener Meriah;Alam;Waterfall 7 Angels;;4.4;159
Aceh;Kabupaten Bener Meriah;Alam;Air Terjun Berawang Tampu;;4.7;7
Aceh;Kabupaten Bener Meriah;Alam;Niagara Reje Ilang;;4.4;104
Aceh;Kabupaten Bener Meriah;Alam;Burni Telong;;4.7;89
Aceh;Kabupaten Bener Meriah;Alam;Wisata Pemandian Air Panas;;3.9;476
Aceh;Kabupaten Bener Meriah;Alam;Taman Batu Lepes;;4.1;33
Aceh;Kabupaten Bener Meriah;Alam;Jembatan Enangenang;;4.3;38
Aceh;Kabupaten Bireuen;Pendidikan;Cot Panglima;;4.3;144
Aceh;Kabupaten Bireuen;Alam;Air Terjun Ie Rhop;;4.5;36
Aceh;Kabupaten Bireuen;Alam;Pantai Ujong Blang Bireuen;;4.0;408
Aceh;Kabupaten Bireuen;Alam;Pantai Cemara Lingka Kuta;;4.0;207
Aceh;Kabupaten Bireuen;Alam;Wisata Krueng Simpo;;3.9;17
Aceh;Kabupaten Bireuen;Alam;Laut jangka;;3.9;7
Aceh;Kabupaten Bireuen;Alam;Pantai Peuneulet Baröh;;3.9;14
Aceh;Kabupaten Bireuen;Alam;Air Terjun Piramida;;3.7;22
Aceh;Kabupaten Gayo Lues;Alam;Air Terjun Kolam Biru Rerebe;;4.4;200
Aceh;Kabupaten Gayo Lues;Alam;Tugu Negeri Seribu Bukit;;4.6;30
Aceh;Kabupaten Gayo Lues;Alam;Gunung Kemiri;;5.0;5
Aceh;Kabupaten Gayo Lues;Alam;Mount Leuser;;4.1;106
Aceh;Kabupaten Gayo Lues;Alam;Mount Leuser National Park;;4.5;202
Aceh;Kabupaten Nagan Raya;Religi;Masjid Giok Agung Baitul A'la Nagan Raya;;4.6;153
Aceh;Kabupaten Nagan Raya;Alam;Alue Gantung;;4.5;12
Aceh;Kabupaten Nagan Raya;Alam;Puncak Gunung Singgah Mata;;4.9;20
Aceh;Kabupaten Nagan Raya;Alam;Wisata Laut Tadu;;4.1;9
Aceh;Kabupaten Nagan Raya;Alam;Pantai Naga Permai;;3.9;84
Aceh;Kabupaten Nagan Raya;Alam;Krueng Isep;;3.4;20
Aceh;Kabupaten Pidie;Alam;Peuët Sagoë;;4.1;38
Aceh;Kabupaten Pidie;Alam;Guha Tujoh;;4.1;115
Aceh;Kabupaten Pidie;Alam;Pantai Mantak Tari;;4.1;230
Aceh;Kabupaten Pidie;Sejarah;AlunAlun Kota Sigli;;4.1;1141
Aceh;Kabupaten Pidie;Religi;Masjid Raya Labui;;4.8;93
Aceh;Kabupaten Pidie;Alam;JAMBO ADVENTURE;;5.0;8
Aceh;Kabupaten Pidie;Alam;Geunie Resort;;4.2;95
Aceh;Kabupaten Pidie;Pendidikan;Pendopo Bupati Pidie;;4.1;499
Aceh;Kabupaten Pidie Jaya ;Alam;Pantai Meurah Seutia (MANOHARA);;4.2;254
Aceh;Kabupaten Pidie Jaya ;Pendidikan;PEDIR Museum;;4.6;12
Aceh;Kabupaten Simeulue;Alam;Mincau;;4.9;14
Aceh;Kabupaten Simeulue;Alam;Pantai Busung;;4.4;104
Aceh;Kabupaten Simeulue;Alam;Nancala Beach;;4.2;22
Aceh;Kabupaten Simeulue;Alam;Pantai Ganting;;4.2;80
Aceh;Kabupaten Simeulue;Alam;Pulau Panjang;;5.0;3
Aceh;Kabupaten Simeulue;Alam;Simeulue Cut Island;;4.1;14
Aceh;Kabupaten Simeulue;Alam;Wisata Pulau Pinang;;4.3;38
Aceh;Kabupaten Simeulue;Alam;Pantai lantik;;4.5;24
Aceh;Kabupaten Simeulue;Alam;Pantai Matanurung;;4.5;10
Aceh;Kota Banda Aceh;Religi;Masjid Raya Baiturrahman;;4.9;25081
Aceh;Kota Banda Aceh;Sejarah;Museum Tsunami Aceh;;4.6;10604
Aceh;Kota Banda Aceh;Sejarah;Museum Aceh;;4.6;1968
Aceh;Kota Banda Aceh;Sejarah;Museum PLTD Apung;;4.6;8151
Aceh;Kota Banda Aceh;Alam;Ulee Lheue Beach;;4.4;3376
Aceh;Kota Banda Aceh;Sejarah;Putroe Phang Park;;4.4;781
Aceh;Kota Banda Aceh;Pendidikan;Lapangan Blang Padang;;4.4;10389
Aceh;Kota Banda Aceh;Alam;Pantai Alue Naga;;4.3;377
Aceh;Kota Banda Aceh;Religi;Baiturrahim Mosque Ulee Lheue;;4.7;2684
Aceh;Kota Banda Aceh;Alam;Pantai Ulee Lheue;;4.5;542
Aceh;Kota Banda Aceh;Sejarah;Tomb of Syiah Kuala;;4.6;129
Aceh;Kota Banda Aceh;Alam;Taman Sari;;4.7;100
Aceh;Kota Banda Aceh;Religi;H Harun Keuchik Leumiek Mosque;;4.9;1701
Aceh;Kota Banda Aceh;Sejarah;Tugu Simpang Lima Banda Aceh;;4.6;1309
Aceh;Kota Banda Aceh;Alam;Blang Padang Banda Aceh;;4.5;1540
Aceh;Kota Banda Aceh;Alam;Dermaga Wisata Ulee Lheue;;4.1;34
Aceh;Kota Banda Aceh;Alam;Hutan Kota BNI Banda Aceh;;4.3;976
Aceh;Kota Banda Aceh;Alam;Pantai Syiah Kuala;;4.3;274
Aceh;Kota Banda Aceh;Religi;Masjid Baitul Musyahadah;;4.7;1441
Aceh;Kota Langsa;Alam;Wisata Hutan Mangrove Kota Langsa;;4.3;619
Aceh;Kota Langsa;Alam;Mutiara Water Park;;4.2;885
Aceh;Kota Langsa;Alam;Taman Hutan Kota Langsa;;4.3;2373
Aceh;Kota Langsa;Sejarah;Kantoorgebouw Der Atjehsche HandelMaatschappij Te Langsar;;4.7;21
Aceh;Kota Langsa;Alam;Tower Hutan Mangrove Kota Langsa;;4.7;34
Aceh;Kota Langsa;Alam;Wisata Pantai Buatan Kuala Langsa;;4.2;160
Aceh;Kota Langsa;Alam;Vitra Tirta Raya WaterBoom;;4.3;500
Aceh;Kota Langsa;Sejarah;Lapangan Merdeka Langsa;;4.4;1235
Aceh;Kota Langsa;Alam;Taman Bambu Runcing;;4.3;1575
Aceh;Kota Langsa;Alam;Pulau Pusong;;4.2;50
Aceh;Kota Langsa;Alam;Kebun Villa Indah;;4.0;60
Aceh;Kota Lhokseumawe;Alam;Waduk Jeulikat;;4.1;1238
Aceh;Kota Lhokseumawe;Alam;Jualan kelontong;;4.0;237
Aceh;Kota Lhokseumawe;Alam;Pantai Lancok;;3.9;257
Aceh;Kota Lhokseumawe;Religi;Islamic Center Lhokseumawe;;4.7;2718
Aceh;Kota Lhokseumawe;Alam;Island Beach Semadu;;3.7;146
Aceh;Kota Lhokseumawe;Alam;Waduk Kota Lhokseumawe;;4.0;688
Aceh;Kota Lhokseumawe;Religi;Museum Islam Samudra Pasai;;4.2;234
Aceh;Kota Lhokseumawe;Alam;Bukit Goa Jepang;;4.2;102
Aceh;Kota Lhokseumawe;Alam;Pantai Jagu;;4.1;198
Aceh;Kota Lhokseumawe;Pendidikan;Taman Riyadhah;;4.2;853
Aceh;Kota Lhokseumawe;Alam;Waterboom Taman Mangat Ceria;;4.0;836
Aceh;Kota Lhokseumawe;Alam;KRUENG SAWEUK;;4.2;111
Aceh;Kota Lhokseumawe;Alam;Lapangan Hiraq;;4.5;2
Aceh;Kota Lhokseumawe;Sejarah;Museum Kota Lhokseumawe;;4.2;131
Aceh;Kota Lhokseumawe;Alam;Bukit Wisata Gua Jepang Lhokseumawe;;4.1;422
Aceh;Kota Lhokseumawe;Alam;Pantai Sawang;;3.7;32
Aceh;Kota Lhokseumawe;Alam;Pantai Bangka Jaya;;4.0;137
Aceh;Kota Sabang;Alam;Iboih Beach;;4.6;2413
Aceh;Kota Sabang;Alam;Sumur Tiga Beach;;4.5;978
Aceh;Kota Sabang;Alam;Pulau Rubia;;4.7;199
Aceh;Kota Sabang;Alam;I Love Sabang;;4.6;853
Aceh;Kota Sabang;Alam;Pantai Sumur Tiga;;4.4;12
Aceh;Kota Sabang;Alam;Rondo Island;;4.7;168
Aceh;Kota Sabang;Alam;Benteng Jepang;;4.6;971
Aceh;Kota Sabang;Alam;Rubiah Beach;;4.7;1021
Aceh;Kota Subulussalam;Alam;Alas River;;4.0;4
North Sumatra;Kabupaten Asahan;Alam;Air Terjun Turbo ( Turunan Bolon );;4.5;13
North Sumatra;Kabupaten Asahan;Alam;Air Terjun Simonang Monang;;4.0;17
North Sumatra;Kabupaten Asahan;Alam;Pansur Napitu;;4.3;63
North Sumatra;Kabupaten Asahan;Alam;Danau Kelapa Gading;;4.1;329
North Sumatra;Kabupaten Asahan;Alam;Danau Teratai;;3.7;32
North Sumatra;Kabupaten Asahan;Alam;Bedeng 7 river park;;4.1;206
North Sumatra;Kabupaten Asahan;Religi;Masjid Agung H. Achmad Bakrie Kisaran;;4.8;4028
North Sumatra;Kabupaten Asahan;Alam;Wisata Alam Mangrove Desa Silo Baru;;4.4;49
North Sumatra;Kabupaten Asahan;Alam;Waterboom Ragil;;4.0;491
North Sumatra;Kabupaten Asahan;Alam;Waterboom Blue;;3.6;138
North Sumatra;Kabupaten Asahan;Alam;Aek Saroha;;3.9;15
North Sumatra;Kabupaten Asahan;Alam;Hutan Kota Kisaran;;4.3;249
North Sumatra;Kabupaten Batu Bara;Alam;Singapore Land Waterpark Batu Bara;;4.1;1769
North Sumatra;Kabupaten Batu Bara;Alam;Dogi Park Waterboom Indrapura;;3.9;1010
North Sumatra;Kabupaten Batu Bara;Sejarah;Istana Niat Lima Laras;;4.2;256
North Sumatra;Kabupaten Batu Bara;Alam;Pantai Jono/Perjuangan;;3.6;431
North Sumatra;Kabupaten Batu Bara;Alam;Pemandian Air Panas Sumber Padi;;4.3;398
North Sumatra;Kabupaten Batu Bara;Alam;Pantai Sejarah Pantai Perupuk;;4.0;262
North Sumatra;Kabupaten Batu Bara;Alam;Alam Wisata Danau Laut Tador;;3.3;30
North Sumatra;Kabupaten Batu Bara;Alam;PEMANDIAN AIR PANAS  BATU BARA ( 50 );;4.3;29
North Sumatra;Kabupaten Batu Bara;Alam;Datuk Nature Tourism;;3.9;1142
North Sumatra;Kabupaten Dairi;Alam;Taman Wisata Iman Sitinjo. Dairi;;4.5;714
North Sumatra;Kabupaten Dairi;Alam;Tao Silalahi Hotel;;4.5;420
North Sumatra;Kabupaten Dairi;Religi;Parks Faith;;4.3;521
North Sumatra;Kabupaten Dairi;Alam;Pantai Silalahi;;4.3;292
North Sumatra;Kabupaten Dairi;Alam;Perkemahan Paropo;;4.6;131
North Sumatra;Kabupaten Dairi;Alam;Air Terjun Siringo;;4.5;101
North Sumatra;Kabupaten Dairi;Sejarah;Aek Sipaulak Hosa Loja;;4.6;101
North Sumatra;Kabupaten Dairi;Alam;Paropo Tepian Danau Toba;;4.8;88
North Sumatra;Kabupaten Dairi;Alam;Taman Wisata Iman;;4.3;143
North Sumatra;Kabupaten Dairi;Alam;Pemandian Alam Lau Timah;;4.3;64
North Sumatra;Kabupaten Dairi;Alam;Batu Sigadap;;4.7;18
North Sumatra;Kabupaten Dairi;Alam;"""Sicikecike"" Nature Park";;4.2;38
North Sumatra;Kabupaten Dairi;Alam;Mount Sibuatan;;4.3;349
North Sumatra;Kabupaten Dairi;Alam;Air terjun Lae Pendaroh;;4.0;23
North Sumatra;Kabupaten Deli Serdang;Religi;Maha Vihara Maitreya;;4.7;3675
North Sumatra;Kabupaten Deli Serdang;Sejarah;Kualanamu International Airport. Medan;;4.7;4139
North Sumatra;Kabupaten Deli Serdang;Alam;Air Terjun Sikulikap;;4.5;2522
North Sumatra;Kabupaten Deli Serdang;Alam;Hairos Water Park;;4.4;4572
North Sumatra;Kabupaten Deli Serdang;Religi;MASJID AL MUSANNIF;;4.8;2975
North Sumatra;Kabupaten Deli Serdang;Alam;Central Park Zoo & Resort;;4.5;2150
North Sumatra;Kabupaten Deli Serdang;Alam;Hillpark Sibolangit;;4.3;2957
North Sumatra;Kabupaten Deli Serdang;Alam;Penatapan Doulu;;4.5;1570
North Sumatra;Kabupaten Deli Serdang;Alam;Wisata Merci;;4.3;2913
North Sumatra;Kabupaten Deli Serdang;Alam;The Le Hu Garden;;4.2;3644
North Sumatra;Kabupaten Deli Serdang;Alam;Wisata Bunga;;4.5;934
North Sumatra;Kabupaten Deli Serdang;Alam;Club House Citra Land Gama City;;4.5;756
North Sumatra;Kabupaten Deli Serdang;Alam;Taman Bunga Madirsan;;4.5;792
North Sumatra;Kabupaten Deli Serdang;Sejarah;Tugu Timbangan;;4.3;1528
North Sumatra;Kabupaten Deli Serdang;Alam;Posko Air Terjun Satu Hati (Tibrena);;4.4;771
North Sumatra;Kabupaten Deli Serdang;Alam;Wisata Sawah Pematang Johar;;4.3;1153
North Sumatra;Kabupaten Deli Serdang;Alam;Taman Buah Lubuk Pakam;;4.5;512
North Sumatra;Kabupaten Deli Serdang;Alam;Taman Wisata Alam Sibolangit;;4.5;417
North Sumatra;Kabupaten Deli Serdang;Alam;Cave And Hot Springs Goa Ergendang Deli serdang Sumatra utara Indonesia;;4.3;901
North Sumatra;Kabupaten Deli Serdang;Sejarah;Magic Eye 3D Art Museum;;4.4;653
North Sumatra;Kabupaten Deli Serdang;Alam;Monako Park. Sibirubiru;;4.3;761
North Sumatra;Kabupaten Deli Serdang;Alam;T.GARDEN Little Bali in Medan;;4.2;1019
North Sumatra;Kabupaten Deli Serdang;Alam;Bintang Johor Swimming Pool;;4.3;672
North Sumatra;Kabupaten Deli Serdang;Alam;Waterpark Bima Utomo International;;4.1;1619
North Sumatra;Kabupaten Deli Serdang;Alam;Agrowisata Paloh Naga;;4.4;331
North Sumatra;Kabupaten Deli Serdang;Sejarah;Museum Daerah Deli Serdang;;4.4;261
North Sumatra;Kabupaten Deli Serdang;Alam;Pemandian Alam Tirta Sayum Sabah;;4.4;283
North Sumatra;Kabupaten Deli Serdang;Alam;Lau Lutih Tanjung Raja Waterfall;;4.4;253
North Sumatra;Kabupaten Deli Serdang;Alam;Jembatan Lau Luhung. Gunung Meriah.;;4.5;179
North Sumatra;Kabupaten Deli Serdang;Alam;Kampung Outbound Pancur Batu;;4.5;176
North Sumatra;Kabupaten Deli Serdang;Alam;Budayaland;;4.3;351
North Sumatra;Kabupaten Deli Serdang;Alam;Nature Baths Gantang Rani;;4.3;354
North Sumatra;Kabupaten Deli Serdang;Alam;Wisata Punden Rejo;;4.3;304
North Sumatra;Kabupaten Deli Serdang;Alam;Pemandian Alam Babar Sari;;4.2;508
North Sumatra;Kabupaten Deli Serdang;Alam;Taman rekreasi dan rumah susu lachio;;4.4;203
North Sumatra;Kabupaten Deli Serdang;Alam;Sini Suka Natural Bath Sibirubiru;;4.1;742
North Sumatra;Kabupaten Deli Serdang;Alam;Taman Buah Deli Serdang;;4.5;118
North Sumatra;Kabupaten Deli Serdang;Alam;HOT SPRING LAU SIGEMBURA PENEN;;4.7;115
North Sumatra;Kabupaten Deli Serdang;Alam;Air Terjun Sampuren Putih;;4.3;132
North Sumatra;Kabupaten Deli Serdang;Alam;Goa ergendang;;4.5;60
North Sumatra;Kabupaten Deli Serdang;Alam;Rekreasi Lau Penda;;4.2;248
North Sumatra;Kabupaten Deli Serdang;Alam;Wisata Kampong Lama;;4.7;67
North Sumatra;Kabupaten Deli Serdang;Alam;Wisata Sejahtera;;4.3;137
North Sumatra;Kabupaten Deli Serdang;Alam;Prima Wisata Edukasi Desa Selemak;;4.2;223
North Sumatra;Kabupaten Deli Serdang;Alam;Orangutan Haven;;4.4;87
North Sumatra;Kabupaten Deli Serdang;Alam;Pemandian Kolam Renang Tiga Rasa Bukit Munthe;;4.2;180
North Sumatra;Kabupaten Deli Serdang;Alam;Sungai Buih;;4.2;180
North Sumatra;Kabupaten Deli Serdang;Alam;Pemandian Alam Kenan;;4.5;52
North Sumatra;Kabupaten Deli Serdang;Alam;Pemandian Alam Mitra;;4.3;98
North Sumatra;Kabupaten Deli Serdang;Alam;Medan Istana Jambu;;4.2;164
North Sumatra;Kabupaten Deli Serdang;Alam;Waterfall Pelangi Indah;;4.2;112
North Sumatra;Kabupaten Deli Serdang;Alam;Pantai Senyum;;4.4;69
North Sumatra;Kabupaten Deli Serdang;Alam;Wisata Dua Rasa;;4.5;41
North Sumatra;Kabupaten Deli Serdang;Alam;Pos Ranger Air Terjun Dua Warna Sibolangit;;4.3;39
North Sumatra;Kabupaten Deli Serdang;Alam;Air Terjun Batu Belah Sibolangit;;4.4;50
North Sumatra;Kabupaten Deli Serdang;Alam;Tugu Juang 45 Rumah Liang STM.Hulu Deli Serdang;;4.4;50
North Sumatra;Kabupaten Deli Serdang;Alam;Pemandian Alam Loknya;;4.2;81
North Sumatra;Kabupaten Deli Serdang;Alam;Taman Sedulur Dirgantara;;4.2;108
North Sumatra;Kabupaten Deli Serdang;Alam;Percut Waterpark;;4.0;1628
North Sumatra;Kabupaten Deli Serdang;Alam;Struggle Waterfall;;4.5;34
North Sumatra;Kabupaten Deli Serdang;Alam;Pantai Remis;;4.3;57
North Sumatra;Kabupaten Deli Serdang;Alam;Pemandian Alam Sembahe BOLBREM;;4.4;27
North Sumatra;Kabupaten Deli Serdang;Alam;Pasar Tradisional Paloh Naga;;4.4;31
North Sumatra;Kabupaten Deli Serdang;Alam;Wisata Paloh Naga;;5.0;5
North Sumatra;Kabupaten Deli Serdang;Alam;Air Terjun Simempar;;5.0;4
North Sumatra;Kabupaten Deli Serdang;Alam;Pantai Salju;;4.0;462
North Sumatra;Kabupaten Deli Serdang;Alam;Kolam Renang Greenhill City;;4.6;12
North Sumatra;Kabupaten Deli Serdang;Alam;Taman Dewi Garden Sibolangit;;4.0;366
North Sumatra;Kabupaten Deli Serdang;Sejarah;Museum Sejarah AlQur'an Sumatera Utara;;4.3;6
North Sumatra;Kabupaten Deli Serdang;Alam;Pantai Alam Serdang;;4.0;43
North Sumatra;Kabupaten Deli Serdang;Alam;Danau Linting;;4.3;587
North Sumatra;Kabupaten Deli Serdang;Alam;TAMAN ALAMTA JAYA;;4.0;183
North Sumatra;Kabupaten Humbang Hasundutan;Alam;Sipinsur Park Geosite and Pine Forest;;4.6;4476
North Sumatra;Kabupaten Humbang Hasundutan;Alam;Air Terjun Janji;;4.5;1103
North Sumatra;Kabupaten Humbang Hasundutan;Sejarah;Istana Raja Sisingamangaraja;;4.6;455
North Sumatra;Kabupaten Humbang Hasundutan;Alam;Aek Sipangolu Bakkara;;4.4;231
North Sumatra;Kabupaten Humbang Hasundutan;Alam;Tuan Nagani Paradise;;4.3;205
North Sumatra;Kabupaten Humbang Hasundutan;Alam;SERIBU GOA BANUAREA;;4.9;17
North Sumatra;Kabupaten Humbang Hasundutan;Alam;Simamora Island;;5.0;8
North Sumatra;Kabupaten Karo ;Alam;Mikie Funland;;4.6;6991
North Sumatra;Kabupaten Karo ;Alam;Pariban Hot Spring;;4.4;10380
North Sumatra;Kabupaten Karo ;Alam;Air Terjun Sipiso Piso;;4.5;2605
North Sumatra;Kabupaten Karo ;Alam;Pasar Buah Berastagi;;4.3;12081
North Sumatra;Kabupaten Karo ;Alam;Taman Alam Lumbini;;4.4;3545
North Sumatra;Kabupaten Karo ;Alam;Kebun Efi;;4.4;3598
North Sumatra;Kabupaten Karo ;Alam;Monument Historique Berastagi;;4.5;2284
North Sumatra;Kabupaten Karo ;Alam;Gundaling Hill Top;;4.4;2138
North Sumatra;Kabupaten Karo ;Alam;Gundaling Farmstead Berastagi;;4.3;3162
North Sumatra;Kabupaten Karo ;Alam;Pangambatan. Merek. Karo Regency. North Sumatra 22173;;4.4;1451
North Sumatra;Kabupaten Karo ;Alam;Puncak 2000 Siosar;;4.5;1071
North Sumatra;Kabupaten Karo ;Sejarah;Tugu Kol;;4.3;1885
North Sumatra;Kabupaten Karo ;Alam;GaBOk;;4.5;755
North Sumatra;Kabupaten Karo ;Alam;TAHURA (Taman Hutan Raya);;4.2;1385
North Sumatra;Kabupaten Karo ;Pendidikan;Lingga Cultural Village;;4.5;327
North Sumatra;Kabupaten Karo ;Pendidikan;Replika Pagoda Shwedagon;;4.4;410
North Sumatra;Kabupaten Karo ;Sejarah;Museum Pahlawan Nasional Jamin Gintings;;4.6;289
North Sumatra;Kabupaten Karo ;Alam;Mejuah Juah Park Berastagi;;4.3;672
North Sumatra;Kabupaten Karo ;Alam;Danau Lau Kawar;;4.3;515
North Sumatra;Kabupaten Karo ;Religi;Pagoda Taman Wisata Alam Lumbini;;4.5;273
North Sumatra;Kabupaten Karo ;Alam;Taman Bunga Sapo Juma;;4.4;258
North Sumatra;Kabupaten Karo ;Religi;Museum Pusaka Karo  Berastagi;;4.4;146
North Sumatra;Kabupaten Karo ;Alam;Pemandian Air Panas Ginting Desa Semangat Gunung Kec. Merdeka Kab Karo;;4.6;109
North Sumatra;Kabupaten Karo ;Alam;Pantai SINALSAL Tongging;;4.5;85
North Sumatra;Kabupaten Karo ;Alam;One Tree Hill. Taman Simalem Resort;;4.6;88
North Sumatra;Kabupaten Karo ;Alam;Taman Seribu Bunga Raya;;4.1;262
North Sumatra;Kabupaten Karo ;Alam;Bukit Gajah Bobok;;4.2;82
North Sumatra;Kabupaten Karo ;Alam;Puncak Pelangkah Gading. Kutambaru. Munte. Karo. Sumut;;4.5;20
North Sumatra;Kabupaten Karo ;Alam;Desa Wisata Raya;;4.6;7
North Sumatra;Kabupaten Labuhanbatu;Alam;Linggahara Water Falls;;3.7;172
North Sumatra;Kabupaten Labuhanbatu;Alam;Barumun River;;4.2;5
North Sumatra;Kabupaten Labuhanbatu;Sejarah;Tugu Juang 45 Lobusona;;3.7;294
North Sumatra;Kabupaten Labuhanbatu;Alam;Sapadia Boombara Waterpark;;3.7;495
North Sumatra;Kabupaten Labuhanbatu;Alam;Bilah River Bridge Rantauprapat;;4.2;76
North Sumatra;Kabupaten Labuhanbatu;Alam;Pemandian Alam Siraorao;;4.1;38
North Sumatra;Kabupaten Labuhanbatu;Alam;Wisata Alam Pantai Geger;;4.0;27
North Sumatra;Kabupaten Labuhanbatu;Alam;Pemandian Gunung Gajah Firdaus;;4.0;40
North Sumatra;Kabupaten Labuhanbatu Selatan;Alam;Pandayangan Indah;;4.0;82
North Sumatra;Kabupaten Labuhanbatu Selatan;Sejarah;ISTANA KOTA BAHRAN;;5.0;3
North Sumatra;Kabupaten Labuhanbatu Utara;Alam;Hadabuan Hill;;5.0;5
North Sumatra;Kabupaten Labuhanbatu Utara;Alam;Pulo Bisky (Pantai Wisky);;4.1;48
North Sumatra;Kabupaten Labuhanbatu Utara;Alam;Wisata Alam Aek Buru;;3.7;53
North Sumatra;Kabupaten Labuhanbatu Utara;Alam;Puncak Hauma Hela;;4.1;30
North Sumatra;Kabupaten Labuhanbatu Utara;Alam;Wisata Sawah Labura;;4.3;164
North Sumatra;Kabupaten Labuhanbatu Utara;Alam;Wisata Alam Aek Sordang;;4.0;81
North Sumatra;Kabupaten Labuhanbatu Utara;Alam;KAMPUNG NUSANTARA;;4.3;21
North Sumatra;Kabupaten Labuhanbatu Utara;Alam;Lorong Negeri Padang Halaban View;;4.5;90
North Sumatra;Kabupaten Langkat;Religi;Azizi Mosque;;4.7;1910
North Sumatra;Kabupaten Langkat;Alam;Lapangan Tengku Amir Hamzah Stabat;;4.3;2603
North Sumatra;Kabupaten Langkat;Alam;Penatapan Pamah Simelir;;4.5;627
North Sumatra;Kabupaten Langkat;Alam;Tangkahan;;4.5;612
North Sumatra;Kabupaten Langkat;Alam;Pelaruga;;4.5;376
North Sumatra;Kabupaten Langkat;Alam;Kolam Karona Sakti Pamah Semelir;;4.6;339
North Sumatra;Kabupaten Langkat;Alam;Lau Kulap;;4.3;724
North Sumatra;Kabupaten Langkat;Alam;Landak River;;4.4;356
North Sumatra;Kabupaten Langkat;Alam;Bukit Lawang Ecotourism;;4.6;276
North Sumatra;Kabupaten Langkat;Alam;NAMU SIRASIRA;;4.1;840
North Sumatra;Kabupaten Langkat;Alam;Frog Rock Tour;;4.4;219
North Sumatra;Kabupaten Langkat;Alam;Trekking Orangutan Sumatra;;4.6;135
North Sumatra;Kabupaten Langkat;Alam;Air Terjun TerohTeroh Petar;;4.6;104
North Sumatra;Kabupaten Langkat;Alam;Bohorok;;;
North Sumatra;Kabupaten Langkat;Alam;Stabat;;;
North Sumatra;Kabupaten Langkat;Alam;Sei Bingai;;;
North Sumatra;Kabupaten Langkat;Alam;Tanjung Pura;;;
North Sumatra;Kabupaten Langkat;Alam;Binjai;;;
North Sumatra;Kabupaten Langkat;Alam;Selesai;;;
North Sumatra;Kabupaten Langkat;Alam;Kuala;;;
North Sumatra;Kabupaten Langkat;Alam;Wampu;;;
North Sumatra;Kabupaten Langkat;Alam;Pematang Jaya;;;
North Sumatra;Kabupaten Langkat;Alam;Bohorok;;;
North Sumatra;Kabupaten Langkat;Alam;Pematang Jaya;;;
North Sumatra;Kabupaten Langkat;Alam;Bohorok;;;
North Sumatra;Kabupaten Langkat;Alam;Stabat;;;
North Sumatra;Kabupaten Langkat;Alam;Tanjung Pura;;;
North Sumatra;Kabupaten Langkat;Alam;Kuala;;;
North Sumatra;Kabupaten Langkat;Alam;Besitang;;;
North Sumatra;Kabupaten Langkat;Alam;Secanggang;;;
North Sumatra;Kabupaten Langkat;Alam;Salapian;;;
North Sumatra;Kabupaten Langkat;Alam;Pangkalan Susu;;;
North Sumatra;Kabupaten Langkat;Alam;Gebang;;;
North Sumatra;Kabupaten Langkat;Alam;Batang Serangan;;;
North Sumatra;Kabupaten Langkat;Alam;Hinai;;;
North Sumatra;Kabupaten Langkat;Alam;Kutambaru;;;
North Sumatra;Kabupaten Langkat;Alam;Padang Tualang;;;
North Sumatra;Kabupaten Langkat;Alam;Babalan;;;
North Sumatra;Kabupaten Langkat;Alam;Serapit;;;
North Sumatra;Kabupaten Langkat;Alam;West Brandan;;;
North Sumatra;Kabupaten Langkat;Alam;Sei Lepan;;;
North Sumatra;Kabupaten Langkat;Sejarah;Azizi Mosque;;4.7;1.912
North Sumatra;Kabupaten Langkat;Alam;Sawit Seberang;;;
North Sumatra;Kabupaten Langkat;Alam;Lapangan Tengku Amir Hamzah Stabat;;4.3;2.605
North Sumatra;Kabupaten Langkat;Alam;Penatapan Pamah Simelir;;4.5;628
North Sumatra;Kabupaten Langkat;Alam;Wisata Alam Bukit Lawang;;4.5;639
North Sumatra;Kabupaten Langkat;Alam;Tangkahan;;4.5;613
North Sumatra;Kabupaten Langkat;Alam;Pelaruga;;4.5;377
North Sumatra;Kabupaten Langkat;Alam;Kolam Karona Sakti Pamah Semelir;;4.6;339
North Sumatra;Kabupaten Langkat;Alam;Lau Kulap;;4.3;725
North Sumatra;Kabupaten Langkat;Alam;Landak River;;4.4;356
North Sumatra;Kabupaten Langkat;Alam;Bukit Lawang Ecotourism;;4.6;276
North Sumatra;Kabupaten Langkat;Alam;NAMU SIRASIRA;;4.1;841
North Sumatra;Kabupaten Langkat;Alam;Frog Rock Tour;;4.4;218
North Sumatra;Kabupaten Langkat;Alam;Trekking Orangutan Sumatra;;4.6;135
North Sumatra;Kabupaten Langkat;Alam;Air Terjun TerohTeroh Petar;;4.6;105
North Sumatra;Kabupaten Langkat;Alam;Pantai Biru;;4.2;351
North Sumatra;Kabupaten Langkat;Alam;Mangrove tour Lubuk Kertang;;4.2;386
North Sumatra;Kabupaten Langkat;Alam;Wisata Batu Katak;;4.1;306
North Sumatra;Kabupaten Langkat;Alam;Pantai Sentabi Group;;4.3;114
North Sumatra;Kabupaten Langkat;Alam;Kolam Renang Devari Lau Kulap. Telagah. Langkat;;4.4;70
North Sumatra;Kabupaten Langkat;Alam;THE YO'S HILL.. Kampung Wisata;;4.2;157
North Sumatra;Kabupaten Langkat;Alam;RUMAH LADANG SIMELIR;;4.8;49
North Sumatra;Kabupaten Langkat;Alam;Lyza Outbount;;4.2;178
North Sumatra;Kabupaten Langkat;Alam;simolap jungle hotspring;;4.4;62
North Sumatra;Kabupaten Langkat;Alam;Tangkahan The Hidden Paradise;;4.6;51
North Sumatra;Kabupaten Langkat;Alam;Air Terjun Namo Belanga;;4.3;62
North Sumatra;Kabupaten Langkat;Alam;Selang Pangeran;;4.7;42
North Sumatra;Kabupaten Langkat;Alam;Pemandian Alam Wak Jowo;;4.3;55
North Sumatra;Kabupaten Langkat;Alam;Taman Mafezana;;4.3;56
North Sumatra;Kabupaten Langkat;Alam;Air Terjun Saringgana;;4.9;15
North Sumatra;Kabupaten Langkat;Alam;Sumatra Orangutan Discovery Villa;;5.0;22
North Sumatra;Kabupaten Langkat;Alam;Orangutan Experience;;5.0;2
North Sumatra;Kabupaten Langkat;Alam;Wisata Jona Garden;;4.0;624
North Sumatra;Kabupaten Langkat;Alam;Danau Karona;;4.7;23
North Sumatra;Kabupaten Langkat;Alam;Wisata Pemandian Alam SENTABI;;4.4;28
North Sumatra;Kabupaten Langkat;Alam;Rock Island;;5.0;1
North Sumatra;Kabupaten Langkat;Alam;Telaga Cinta Bukit Lawang;;4.6;16
North Sumatra;Kabupaten Langkat;Alam;Jungle Trekking Sumatra;;4.7;9
North Sumatra;Kabupaten Langkat;Alam;Wisata Batu Rongring;;4.9;14
North Sumatra;Kabupaten Langkat;Alam;One Heart Hill;;4.1;56
North Sumatra;Kabupaten Langkat;Alam;Pantai Sengon;;4.4;14
North Sumatra;Kabupaten Langkat;Alam;Aras Napal 242;;4.5;11
North Sumatra;Kabupaten Langkat;Alam;Air Terjun Jodoh Semelir;;4.2;34
North Sumatra;Kabupaten Langkat;Alam;Tangkahan Ecotourism;;4.4;8
North Sumatra;Kabupaten Langkat;Alam;Rindu alam bukit lawang;;4.4;7
North Sumatra;Kabupaten Langkat;Alam;Bat Cave Bukit Lawang;;4.3;27
North Sumatra;Kabupaten Langkat;Alam;Pantai Kodok;;4.4;17
North Sumatra;Kabupaten Langkat;Alam;RUDANG MAYANG;;4.0;178
North Sumatra;Kabupaten Langkat;Sejarah;MUSEUM DAERAH KABUPATEN LANGKAT;;4.0;106
North Sumatra;Kabupaten Langkat;Alam;Bohorok River;;3.6;7
North Sumatra;Kabupaten Langkat;Alam;Pantai Florida;;4.0;37
North Sumatra;Kabupaten Langkat;Alam;Bingai River;;4.5;2
North Sumatra;Kabupaten Langkat;Alam;Lau Mentar;;5.0;1
North Sumatra;Kabupaten Langkat;Alam;Bukit Lawang Tourism Guide Association;;;
North Sumatra;Kabupaten Langkat;Alam;Waterpark RIA;;3.9;466
North Sumatra;Kabupaten Langkat;Alam;Dragon Plate;;3.8;17
North Sumatra;Kabupaten Langkat;Alam;Pantai 46;;3.8;185
North Sumatra;Kabupaten Langkat;Alam;Pantai Jigo;;3.8;90
North Sumatra;Kabupaten Langkat;Alam;Pantai Pasir Hitam . Desa Kwala Gebang.;;3.8;182
North Sumatra;Kabupaten Langkat;Alam;Gua Kampret;;3.7;3
North Sumatra;Kabupaten Langkat;Alam;Wisata Jona Garden Binjai;;3.6;24
North Sumatra;Kabupaten Langkat;Alam;Jembatan Sei Wampu;;3.7;308
North Sumatra;Kabupaten Langkat;Alam;PANTAI NAMU SIRA SIRA LANGKAT;;3.0;2
North Sumatra;Kabupaten Mandailing Natal;Alam;Bohorok;;;
North Sumatra;Kabupaten Mandailing Natal;Alam;Stabat;;;
North Sumatra;Kabupaten Mandailing Natal;Alam;Sei Bingai;;;
North Sumatra;Kabupaten Mandailing Natal;Alam;Tanjung Pura;;;
North Sumatra;Kabupaten Mandailing Natal;Alam;Binjai;;;
North Sumatra;Kabupaten Mandailing Natal;Alam;Selesai;;;
North Sumatra;Kabupaten Mandailing Natal;Alam;Kuala;;;
North Sumatra;Kabupaten Mandailing Natal;Alam;Wampu;;;
North Sumatra;Kabupaten Mandailing Natal;Alam;Pematang Jaya;;;
North Sumatra;Kabupaten Mandailing Natal;Alam;Bohorok;;;
North Sumatra;Kabupaten Mandailing Natal;Alam;Pematang Jaya;;;
North Sumatra;Kabupaten Mandailing Natal;Alam;Bohorok;;;
North Sumatra;Kabupaten Mandailing Natal;Alam;Stabat;;;
North Sumatra;Kabupaten Mandailing Natal;Alam;Tanjung Pura;;;
North Sumatra;Kabupaten Mandailing Natal;Alam;Kuala;;;
North Sumatra;Kabupaten Mandailing Natal;Alam;Besitang;;;
North Sumatra;Kabupaten Mandailing Natal;Alam;Secanggang;;;
North Sumatra;Kabupaten Mandailing Natal;Alam;Salapian;;;
North Sumatra;Kabupaten Mandailing Natal;Alam;Pangkalan Susu;;;
North Sumatra;Kabupaten Mandailing Natal;Alam;Gebang;;;
North Sumatra;Kabupaten Mandailing Natal;Alam;Batang Serangan;;;
North Sumatra;Kabupaten Mandailing Natal;Alam;Hinai;;;
North Sumatra;Kabupaten Mandailing Natal;Alam;Kutambaru;;;
North Sumatra;Kabupaten Mandailing Natal;Alam;Padang Tualang;;;
North Sumatra;Kabupaten Mandailing Natal;Alam;Babalan;;;
North Sumatra;Kabupaten Mandailing Natal;Alam;Serapit;;;
North Sumatra;Kabupaten Mandailing Natal;Alam;West Brandan;;;
North Sumatra;Kabupaten Mandailing Natal;Alam;Sei Lepan;;;
North Sumatra;Kabupaten Mandailing Natal;Sejarah;Azizi Mosque;;4.7;1.912
North Sumatra;Kabupaten Mandailing Natal;Alam;Sawit Seberang;;;
North Sumatra;Kabupaten Mandailing Natal;Alam;Lapangan Tengku Amir Hamzah Stabat;;4.3;2.605
North Sumatra;Kabupaten Mandailing Natal;Alam;Penatapan Pamah Simelir;;4.5;628
North Sumatra;Kabupaten Mandailing Natal;Alam;Wisata Alam Bukit Lawang;;4.5;639
North Sumatra;Kabupaten Mandailing Natal;Alam;Tangkahan;;4.5;613
North Sumatra;Kabupaten Mandailing Natal;Alam;Pelaruga;;4.5;377
North Sumatra;Kabupaten Mandailing Natal;Alam;Kolam Karona Sakti Pamah Semelir;;4.6;339
North Sumatra;Kabupaten Mandailing Natal;Alam;Lau Kulap;;4.3;725
North Sumatra;Kabupaten Mandailing Natal;Alam;Landak River;;4.4;356
North Sumatra;Kabupaten Mandailing Natal;Alam;Bukit Lawang Ecotourism;;4.6;276
North Sumatra;Kabupaten Mandailing Natal;Alam;NAMU SIRASIRA;;4.1;841
North Sumatra;Kabupaten Mandailing Natal;Alam;Frog Rock Tour;;4.4;218
North Sumatra;Kabupaten Mandailing Natal;Alam;Trekking Orangutan Sumatra;;4.6;135
North Sumatra;Kabupaten Mandailing Natal;Alam;Air Terjun TerohTeroh Petar;;4.6;105
North Sumatra;Kabupaten Mandailing Natal;Alam;Pantai Biru;;4.2;351
North Sumatra;Kabupaten Mandailing Natal;Alam;Mangrove tour Lubuk Kertang;;4.2;386
North Sumatra;Kabupaten Mandailing Natal;Alam;Wisata Batu Katak;;4.1;306
North Sumatra;Kabupaten Mandailing Natal;Alam;Pantai Sentabi Group;;4.3;114
North Sumatra;Kabupaten Mandailing Natal;Alam;Kolam Renang Devari Lau Kulap. Telagah. Langkat;;4.4;70
North Sumatra;Kabupaten Mandailing Natal;Alam;THE YO'S HILL.. Kampung Wisata;;4.2;157
North Sumatra;Kabupaten Mandailing Natal;Alam;RUMAH LADANG SIMELIR;;4.8;49
North Sumatra;Kabupaten Mandailing Natal;Alam;Lyza Outbount;;4.2;178
North Sumatra;Kabupaten Mandailing Natal;Alam;simolap jungle hotspring;;4.4;62
North Sumatra;Kabupaten Mandailing Natal;Alam;Tangkahan The Hidden Paradise;;4.6;51
North Sumatra;Kabupaten Mandailing Natal;Alam;Air Terjun Namo Belanga;;4.3;62
North Sumatra;Kabupaten Mandailing Natal;#N/A;Selang Pangeran;;4.7;42
North Sumatra;Kabupaten Mandailing Natal;Alam;Pemandian Alam Wak Jowo;;4.3;55
North Sumatra;Kabupaten Mandailing Natal;Alam;Taman Mafezana;;4.3;56
North Sumatra;Kabupaten Mandailing Natal;Alam;Air Terjun Saringgana;;4.9;15
North Sumatra;Kabupaten Mandailing Natal;Alam;Sumatra Orangutan Discovery Villa;;5.0;22
North Sumatra;Kabupaten Mandailing Natal;Alam;Orangutan Experience;;5.0;2
North Sumatra;Kabupaten Mandailing Natal;Alam;Wisata Jona Garden;;4.0;624
North Sumatra;Kabupaten Mandailing Natal;Alam;Danau Karona;;4.7;23
North Sumatra;Kabupaten Mandailing Natal;Alam;Wisata Pemandian Alam SENTABI;;4.4;28
North Sumatra;Kabupaten Mandailing Natal;Alam;Rock Island;;5.0;1
North Sumatra;Kabupaten Mandailing Natal;Alam;Telaga Cinta Bukit Lawang;;4.6;16
North Sumatra;Kabupaten Mandailing Natal;Alam;Jungle Trekking Sumatra;;4.7;9
North Sumatra;Kabupaten Mandailing Natal;Alam;Wisata Batu Rongring;;4.9;14
North Sumatra;Kabupaten Mandailing Natal;Alam;One Heart Hill;;4.1;56
North Sumatra;Kabupaten Mandailing Natal;Alam;Pantai Sengon;;4.4;14
North Sumatra;Kabupaten Mandailing Natal;Alam;Aras Napal 242;;4.5;11
North Sumatra;Kabupaten Mandailing Natal;Alam;Air Terjun Jodoh Semelir;;4.2;34
North Sumatra;Kabupaten Mandailing Natal;Alam;Tangkahan Ecotourism;;4.4;8
North Sumatra;Kabupaten Mandailing Natal;Alam;Rindu alam bukit lawang;;4.4;7
North Sumatra;Kabupaten Mandailing Natal;Alam;Bat Cave Bukit Lawang;;4.3;27
North Sumatra;Kabupaten Mandailing Natal;Alam;Pantai Kodok;;4.4;17
North Sumatra;Kabupaten Mandailing Natal;Alam;RUDANG MAYANG;;4.0;178
North Sumatra;Kabupaten Mandailing Natal;Sejarah;MUSEUM DAERAH KABUPATEN LANGKAT;;4.0;106
North Sumatra;Kabupaten Mandailing Natal;Alam;Bohorok River;;3.6;7
North Sumatra;Kabupaten Mandailing Natal;Alam;Pantai Florida;;4.0;37
North Sumatra;Kabupaten Mandailing Natal;Alam;Bingai River;;4.5;2
North Sumatra;Kabupaten Mandailing Natal;Alam;Lau Mentar;;5.0;1
North Sumatra;Kabupaten Mandailing Natal;Alam;Bukit Lawang Tourism Guide Association;;;
North Sumatra;Kabupaten Mandailing Natal;Alam;Waterpark RIA;;3.9;466
North Sumatra;Kabupaten Mandailing Natal;Alam;Dragon Plate;;3.8;17
North Sumatra;Kabupaten Mandailing Natal;Alam;Pantai 46;;3.8;185
North Sumatra;Kabupaten Mandailing Natal;Alam;Pantai Jigo;;3.8;90
North Sumatra;Kabupaten Mandailing Natal;Alam;Pantai Pasir Hitam . Desa Kwala Gebang.;;3.8;182
North Sumatra;Kabupaten Mandailing Natal;Sejarah;Gua Kampret;;3.7;3
North Sumatra;Kabupaten Mandailing Natal;Alam;Wisata Jona Garden Binjai;;3.6;24
North Sumatra;Kabupaten Mandailing Natal;Alam;Jembatan Sei Wampu;;3.7;308
North Sumatra;Kabupaten Mandailing Natal;Alam;PANTAI NAMU SIRA SIRA LANGKAT;;3.0;2
North Sumatra;Kabupaten Mandailing Natal;Alam;Panyabungan;;;
North Sumatra;Kabupaten Mandailing Natal;Alam;Batahan;;;
North Sumatra;Kabupaten Mandailing Natal;Alam;Lembah Sorik Marapi;;;
North Sumatra;Kabupaten Mandailing Natal;Alam;Natal;;;
North Sumatra;Kabupaten Mandailing Natal;Alam;Sinunukan;;;
North Sumatra;Kabupaten Mandailing Natal;Alam;Batang Natal;;;
North Sumatra;Kabupaten Mandailing Natal;Alam;Huta Bargot;;;
North Sumatra;Kabupaten Mandailing Natal;Alam;Siabu;;;
North Sumatra;Kabupaten Mandailing Natal;Alam;Kotanopan;;;
North Sumatra;Kabupaten Nias;Alam;Sisarahili Bawolato;;;
North Sumatra;Kabupaten Nias;Alam;Tetehosi;;;
North Sumatra;Kabupaten Nias;Alam;Heliweto Gido;;;
North Sumatra;Kabupaten Nias;Alam;Hiliduho;;;
North Sumatra;Kabupaten Nias;Alam;101 Nusa Lima Beach & Resto;;4.1;105
North Sumatra;Kabupaten Nias;Alam;Pulau Onolimb;;3.9;15
North Sumatra;Kabupaten Nias;Alam;Pulau Onolimb;;3.9;15
North Sumatra;Kabupaten Nias;Alam;Heliweto Gido;;;
North Sumatra;Kabupaten Nias;Alam;Pulau Onolimb;;3.9;15
North Sumatra;Kabupaten Nias Barat;Alam;Sisarahili Bawolato;;;
North Sumatra;Kabupaten Nias Barat;Alam;Tetehosi;;;
North Sumatra;Kabupaten Nias Barat;Alam;Heliweto Gido;;;
North Sumatra;Kabupaten Nias Barat;Alam;Hiliduho;;;
North Sumatra;Kabupaten Nias Barat;Alam;101 Nusa Lima Beach & Resto;;4.1;105
North Sumatra;Kabupaten Nias Barat;Alam;Pulau Onolimb;;3.9;15
North Sumatra;Kabupaten Nias Barat;Alam;Pulau Onolimb;;3.9;15
North Sumatra;Kabupaten Nias Barat;Alam;Heliweto Gido;;;
North Sumatra;Kabupaten Nias Barat;Alam;Pulau Onolimb;;3.9;15
North Sumatra;Kabupaten Nias Barat;Alam;Pulau Asu;;4.6;25
North Sumatra;Kabupaten Nias Barat;Alam;Hinako Islands;;3.8;8
North Sumatra;Kabupaten Nias Barat;Alam;Pantai Sirombu;;4.5;107
North Sumatra;Kabupaten Nias Barat;Alam;Pulau Hinako;;4.6;14
North Sumatra;Kabupaten Nias Barat;Alam;Bawa Island;;4.4;8
North Sumatra;Kabupaten Nias Barat;Alam;PUNCAK HARMONI SOMOMO;;4.2;5
North Sumatra;Kabupaten Nias Barat;Alam;Sirombu Beach;;4.1;115
North Sumatra;Kabupaten Nias Barat;Alam;Kamadu Beach;;3.9;14
North Sumatra;Kabupaten Nias Barat;Alam;Pulau Asu;;4.6;25
North Sumatra;Kabupaten Nias Barat;Alam;Hinako Islands;;3.8;8
North Sumatra;Kabupaten Nias Barat;Alam;Bawa Island;;4.4;8
North Sumatra;Kabupaten Nias Barat;Alam;Sirombu Beach;;4.1;115
North Sumatra;Kabupaten Nias Selatan;Alam;Sisarahili Bawolato;;;
North Sumatra;Kabupaten Nias Selatan;Alam;Tetehosi;;;
North Sumatra;Kabupaten Nias Selatan;Alam;Heliweto Gido;;;
North Sumatra;Kabupaten Nias Selatan;Alam;Hiliduho;;;
North Sumatra;Kabupaten Nias Selatan;Alam;101 Nusa Lima Beach & Resto;;4.1;105
North Sumatra;Kabupaten Nias Selatan;Alam;Pulau Onolimb;;3.9;15
North Sumatra;Kabupaten Nias Selatan;Alam;Pulau Onolimb;;3.9;15
North Sumatra;Kabupaten Nias Selatan;Alam;Heliweto Gido;;;
North Sumatra;Kabupaten Nias Selatan;Alam;Pulau Onolimb;;3.9;15
North Sumatra;Kabupaten Nias Selatan;Alam;Pulau Asu;;4.6;25
North Sumatra;Kabupaten Nias Selatan;Alam;Hinako Islands;;3.8;8
North Sumatra;Kabupaten Nias Selatan;Alam;Pantai Sirombu;;4.5;107
North Sumatra;Kabupaten Nias Selatan;Alam;Pulau Hinako;;4.6;14
North Sumatra;Kabupaten Nias Selatan;Alam;Bawa Island;;4.4;8
North Sumatra;Kabupaten Nias Selatan;Alam;PUNCAK HARMONI SOMOMO;;4.2;5
North Sumatra;Kabupaten Nias Selatan;Alam;Sirombu Beach;;4.1;115
North Sumatra;Kabupaten Nias Selatan;Alam;Kamadu Beach;;3.9;14
North Sumatra;Kabupaten Nias Selatan;Alam;Pulau Asu;;4.6;25
North Sumatra;Kabupaten Nias Selatan;Alam;Hinako Islands;;3.8;8
North Sumatra;Kabupaten Nias Selatan;Alam;Bawa Island;;4.4;8
North Sumatra;Kabupaten Nias Selatan;Alam;Sirombu Beach;;4.1;115
North Sumatra;Kabupaten Nias Selatan;Alam;Hibala;;;
North Sumatra;Kabupaten Nias Selatan;Alam;Tanah Masa;;;
North Sumatra;Kabupaten Nias Selatan;Alam;Pulau Pulau Batu Timur;;;
North Sumatra;Kabupaten Nias Selatan;Alam;Pulaupulau Batu Barat;;;
North Sumatra;Kabupaten Nias Selatan;Alam;Pulau Batu Island;;;
North Sumatra;Kabupaten Nias Selatan;Alam;Teluk Dalam;;;
North Sumatra;Kabupaten Nias Selatan;Alam;Simuk;;;
North Sumatra;Kabupaten Nias Selatan;Alam;Mazino;;;
North Sumatra;Kabupaten Nias Selatan;Alam;Lahusa;;;
North Sumatra;Kabupaten Nias Selatan;Alam;Pulaupulau Batu Barat;;;
North Sumatra;Kabupaten Nias Selatan;Alam;Teluk Dalam;;;
North Sumatra;Kabupaten Nias Selatan;Alam;Lahusa;;;
North Sumatra;Kabupaten Nias Selatan;Alam;Somambawa;;;
North Sumatra;Kabupaten Nias Selatan;Alam;Maniamolo;;;
North Sumatra;Kabupaten Nias Selatan;Alam;Sidua'ori;;;
North Sumatra;Kabupaten Nias Selatan;Alam;Susua;;;
North Sumatra;Kabupaten Nias Selatan;Alam;Mazo;;;
North Sumatra;Kabupaten Nias Selatan;Alam;Ulususua;;;
North Sumatra;Kabupaten Nias Selatan;Alam;Boronadu;;;
North Sumatra;Kabupaten Nias Selatan;Alam;Umbunasi;;;
North Sumatra;Kabupaten Nias Selatan;Alam;O'o'u;;;
North Sumatra;Kabupaten Nias Selatan;Alam;Ulunoyo;;;
North Sumatra;Kabupaten Nias Selatan;Alam;Hilimegai;;;
North Sumatra;Kabupaten Nias Selatan;Alam;Onohazumba;;;
North Sumatra;Kabupaten Nias Selatan;Alam;Huruna;;;
North Sumatra;Kabupaten Nias Selatan;Alam;Hilisalawa'ahe;;;
North Sumatra;Kabupaten Nias Selatan;Alam;Toma;;;
North Sumatra;Kabupaten Nias Selatan;Alam;Fanayama;;;
North Sumatra;Kabupaten Nias Selatan;Alam;Gomo;;;
North Sumatra;Kabupaten Nias Selatan;Alam;Lolomatua;;;
North Sumatra;Kabupaten Nias Selatan;Alam;Lalowau;;;
North Sumatra;Kabupaten Nias Selatan;Alam;Amandraya;;;
North Sumatra;Kabupaten Nias Selatan;Alam;Aramo;;;
North Sumatra;Kabupaten Nias Selatan;Alam;Desa Bawomataluo (Lompat Batu);;4.7;805
North Sumatra;Kabupaten Nias Selatan;Alam;Sorake Beach Sign Name;;4.5;159
North Sumatra;Kabupaten Nias Selatan;Alam;Lagundri BEACH SOUTH NIAS;;4.4;153
North Sumatra;Kabupaten Nias Selatan;Alam;Baloho Beach;;4.4;85
North Sumatra;Kabupaten Nias Selatan;Alam;Moale Beach;;4.5;41
North Sumatra;Kabupaten Nias Selatan;Alam;Telo Surf Camp;;;
North Sumatra;Kabupaten Nias Utara;Alam;Tugala Oyo;;;
North Sumatra;Kabupaten Nias Utara;Alam;Alasa;;;
North Sumatra;Kabupaten Nias Utara;Alam;Sitolu Ori;;;
North Sumatra;Kabupaten Nias Utara;Alam;Namohalu Esiwa;;;
North Sumatra;Kabupaten Nias Utara;Alam;Tuhemberua;;;
North Sumatra;Kabupaten Nias Utara;Alam;Lotu;;;
North Sumatra;Kabupaten Nias Utara;Alam;Afulu;;;
North Sumatra;Kabupaten Nias Utara;Alam;Lahewa Timur;;;
North Sumatra;Kabupaten Nias Utara;Alam;Sawo;;;
North Sumatra;Kabupaten Nias Utara;Alam;Alasa Talumuzoi;;;
North Sumatra;Kabupaten Nias Utara;Alam;Pantai Indah Tureloto;;4.7;801
North Sumatra;Kabupaten Nias Utara;Alam;Tureloto Beach Lahewa;;4.5;191
North Sumatra;Kabupaten Nias Utara;Alam;Pantai Pasir Merah, Afulu;;4.6;59
North Sumatra;Kabupaten Nias Utara;Alam;SAITI BEACH;;4.3;92
North Sumatra;Kabupaten Nias Utara;Alam;Pantai Teluk Bengkuang;;4.2;147
North Sumatra;Kabupaten Nias Utara;Alam;Pantai Marisa;;4.5;35
North Sumatra;Kabupaten Nias Utara;Alam;Air terjun Luahandroi;;4.4;10
North Sumatra;Kabupaten Nias Utara;Alam;Pulau Wunga;;4.7;9
North Sumatra;Kabupaten Nias Utara;Alam;Pantai TOYOLAWA;;4.0;7
North Sumatra;Kabupaten Padang Lawas;Alam;Pantai Indah Tureloto;;4.7;801
North Sumatra;Kabupaten Padang Lawas;Alam;Tureloto Beach Lahewa;;4.5;191
North Sumatra;Kabupaten Padang Lawas;Alam;Pantai Pasir Merah, Afulu;;4.6;59
North Sumatra;Kabupaten Padang Lawas;Alam;SAITI BEACH;;4.3;92
North Sumatra;Kabupaten Padang Lawas;Alam;Pantai Teluk Bengkuang;;4.2;147
North Sumatra;Kabupaten Padang Lawas;Alam;Pantai Marisa;;4.5;35
North Sumatra;Kabupaten Padang Lawas;Alam;Air terjun Luahandroi;;4.4;10
North Sumatra;Kabupaten Padang Lawas;Alam;Pulau Wunga;;4.7;9
North Sumatra;Kabupaten Padang Lawas;Alam;Pantai TOYOLAWA;;4.0;7
North Sumatra;Kabupaten Padang Lawas;Alam;Bahal Temple I;;4.4;212
North Sumatra;Kabupaten Padang Lawas;Alam;Aek Milas Paringgonan Sibuhuan;;4.1;208
North Sumatra;Kabupaten Padang Lawas;Religi;CANDI SIPAMUTUNG;;4.5;35
North Sumatra;Kabupaten Padang Lawas;Religi;Candi Biaro Sangkilon;;4.7;3
North Sumatra;Kabupaten Padang Lawas;Religi;Candi Tandihat I;;4.7;9
North Sumatra;Kabupaten Padang Lawas;Religi;Candi Pulo;;4.3;11
North Sumatra;Kabupaten Pakpak Bharat;Alam;Pantai Indah Tureloto;;4.7;801
North Sumatra;Kabupaten Pakpak Bharat;Alam;Tureloto Beach Lahewa;;4.5;191
North Sumatra;Kabupaten Pakpak Bharat;Alam;Pantai Pasir Merah, Afulu;;4.6;59
North Sumatra;Kabupaten Pakpak Bharat;Alam;SAITI BEACH;;4.3;92
North Sumatra;Kabupaten Pakpak Bharat;Alam;Pantai Teluk Bengkuang;;4.2;147
North Sumatra;Kabupaten Pakpak Bharat;Alam;Pantai Marisa;;4.5;35
North Sumatra;Kabupaten Pakpak Bharat;Alam;Air terjun Luahandroi;;4.4;10
North Sumatra;Kabupaten Pakpak Bharat;Alam;Pulau Wunga;;4.7;9
North Sumatra;Kabupaten Pakpak Bharat;Alam;Pantai TOYOLAWA;;4.0;7
North Sumatra;Kabupaten Pakpak Bharat;Alam;Bahal Temple I;;4.4;212
North Sumatra;Kabupaten Pakpak Bharat;Sejarah;Aek Milas Paringgonan Sibuhuan;;4.1;208
North Sumatra;Kabupaten Pakpak Bharat;Alam;CANDI SIPAMUTUNG;;4.5;35
North Sumatra;Kabupaten Pakpak Bharat;Religi;Candi Biaro Sangkilon;;4.7;3
North Sumatra;Kabupaten Pakpak Bharat;Religi;Candi Tandihat I;;4.7;9
North Sumatra;Kabupaten Pakpak Bharat;Religi;Candi Pulo;;4.3;11
North Sumatra;Kabupaten Samosir;Alam;Pantai Indah Tureloto;;4.7;801
North Sumatra;Kabupaten Samosir;Alam;Tureloto Beach Lahewa;;4.5;191
North Sumatra;Kabupaten Samosir;Alam;Pantai Pasir Merah, Afulu;;4.6;59
North Sumatra;Kabupaten Samosir;Alam;SAITI BEACH;;4.3;92
North Sumatra;Kabupaten Samosir;Alam;Pantai Teluk Bengkuang;;4.2;147
North Sumatra;Kabupaten Samosir;Alam;Pantai Marisa;;4.5;35
North Sumatra;Kabupaten Samosir;Alam;Air terjun Luahandroi;;4.4;10
North Sumatra;Kabupaten Samosir;Alam;Pulau Wunga;;4.7;9
North Sumatra;Kabupaten Samosir;Alam;Pantai TOYOLAWA;;4.0;7
North Sumatra;Kabupaten Samosir;Alam;Air Terjun Lae Mbilulu;;4.5;204
North Sumatra;Kabupaten Samosir;Alam;Wisata Delleng sindeka;;4.6;25
North Sumatra;Kabupaten Samosir;Alam;Menara Pandang Tele;;4.5;3,419
North Sumatra;Kabupaten Samosir;Alam;Pertunjukan Tari Sigale Gale;;4.5;2,512
North Sumatra;Kabupaten Samosir;Alam;Bukit Holbung Samosir;;;
North Sumatra;Kabupaten Samosir;Alam;Efrata Waterfall;;4.7;1,55
North Sumatra;Kabupaten Samosir;Alam;Bukit Sibea-Bea;;4.5;1,288
North Sumatra;Kabupaten Samosir;Alam;Pasir putih Parbaba;;4.5;1,256
North Sumatra;Kabupaten Samosir;Alam;Batu Kursi Raja Siallagan ( Stone Chair of King Siallagan );;4.3;2,818
North Sumatra;Kabupaten Samosir;Alam;Pasar Tomok;;4.5;1,282
North Sumatra;Kabupaten Samosir;Alam;Aek Rangat;;4.4;1,299
North Sumatra;Kabupaten Samosir;Alam;Huta Siallagan;;4.3;1,37
North Sumatra;Kabupaten Samosir;Alam;Bukit Beta Tuk-tuk;;4.7;368
North Sumatra;Kabupaten Samosir;Alam;Danau Aek Natonang;;4.6;343
North Sumatra;Kabupaten Samosir;Alam;Parhallow viewpoint and coffee shop;;4.5;231
North Sumatra;Kabupaten Samosir;Alam;Sopo Guru Tatea Bulan;;4.6;440
North Sumatra;Kabupaten Samosir;Alam;Batak Museum;;4.6;337
North Sumatra;Kabupaten Samosir;Alam;Air Terjun Lae Mbilulu;;4.3;389
North Sumatra;Kabupaten Samosir;Alam;Wisata Delleng sindeka;;4.5;252
North Sumatra;Kabupaten Samosir;Alam;Menara Pandang Tele;;4.4;148
North Sumatra;Kabupaten Samosir;Alam;Pertunjukan Tari Sigale Gale;;4.7;205
North Sumatra;Kabupaten Samosir;Alam;Onan Runggu;;4.3;332
North Sumatra;Kabupaten Samosir;Alam;Bukit Holbung Samosir;;4.7;129
North Sumatra;Kabupaten Samosir;Alam;Efrata Waterfall;;4.3;365
North Sumatra;Kabupaten Samosir;Alam;Bukit Sibea-Bea;;4.3;324
North Sumatra;Kabupaten Samosir;Alam;Pasir putih Parbaba;;4.7;109
North Sumatra;Kabupaten Samosir;Sejarah;Batu Kursi Raja Siallagan ( Stone Chair of King Siallagan );;4.3;204
North Sumatra;Kabupaten Samosir;Alam;Pasar Tomok;;4.7;114
North Sumatra;Kabupaten Samosir;Alam;Aek Rangat;;4.7;103
North Sumatra;Kabupaten Samosir;Alam;Huta Siallagan;;4.4;110
North Sumatra;Kabupaten Samosir;Alam;Bukit Beta Tuk-tuk;;4.2;251
North Sumatra;Kabupaten Samosir;Alam;Danau Aek Natonang;;4.8;67
North Sumatra;Kabupaten Samosir;Alam;Parhallow viewpoint and coffee shop;;4.1;333
North Sumatra;Kabupaten Samosir;Sejarah;Sopo Guru Tatea Bulan;;4.6;66
North Sumatra;Kabupaten Samosir;Sejarah;Batak Museum;;4.6;44
North Sumatra;Kabupaten Samosir;Alam;Air Terjun Sigarattung (Sampuran Na Pitu);;4.6;52
North Sumatra;Kabupaten Samosir;Alam;Old Tomb of King Sidabutar;;4.6;48
North Sumatra;Kabupaten Samosir;Sejarah;Tugu Toga Sinaga;;4.4;54
North Sumatra;Kabupaten Samosir;Alam;pantai pasir putih;;4.1;120
North Sumatra;Kabupaten Samosir;Alam;Patung Sigale gale;;5.0;3
North Sumatra;Kabupaten Samosir;Alam;Pemandian Aek Sipitu Dai;;4.7;26
North Sumatra;Kabupaten Samosir;Alam;Sigurgur Beach & Restaurant;;4.6;21
North Sumatra;Kabupaten Samosir;Alam;Bukit Burung;;4.6;13
North Sumatra;Kabupaten Samosir;Alam;Pantai Indah Situngkir (PIS);;4.8;4
North Sumatra;Kabupaten Samosir;Sejarah;Tugu Ompu Tuan Situmorang;;4.8;25
North Sumatra;Kabupaten Samosir;Alam;Batu Sawan;;4.2;45
North Sumatra;Kabupaten Samosir;Alam;Hadabuan Naisogop Waterfalls;;4.5;2
North Sumatra;Kabupaten Samosir;Alam;Samosir Botanical Garden;;4.9;12
North Sumatra;Kabupaten Samosir;Alam;Toga raja;;4.6;16
North Sumatra;Kabupaten Samosir;Sejarah;Museum Huta Bolon Simanindo;;4.3;172
North Sumatra;Kabupaten Samosir;Sejarah;Kampung Ulos Huta Raja;;4.4;9
North Sumatra;Kabupaten Samosir;Alam;Taman Doa Getsemani;;4.2;12
North Sumatra;Kabupaten Samosir;Alam;Gunung Pusuk Buhit;;4.4;214
North Sumatra;Kabupaten Samosir;Religi;Patung Tuhan Yesus;;4.3;11
North Sumatra;Kabupaten Samosir;Alam;Batu marhosa;;4.2;15
North Sumatra;Kabupaten Samosir;Alam;Pemandian Air Panas Rianiate;;;
North Sumatra;Kabupaten Samosir;Alam;Wisata Samosir;;4.7;43
North Sumatra;Kabupaten Samosir;Alam;BATUGURU- PANGALOAN;;4.4;151
North Sumatra;Kabupaten Samosir;Alam;Batu Maroppa;;4.0;1
North Sumatra;Kabupaten Samosir;Alam;Bukit Sipatungan;;4.0;5
North Sumatra;Kabupaten Serdang Bedagai;Alam;Pantai Indah Tureloto;;4.7;801
North Sumatra;Kabupaten Serdang Bedagai;Alam;Tureloto Beach Lahewa;;4.5;191
North Sumatra;Kabupaten Serdang Bedagai;Alam;Pantai Pasir Merah, Afulu;;4.6;59
North Sumatra;Kabupaten Serdang Bedagai;Alam;SAITI BEACH;;4.3;92
North Sumatra;Kabupaten Serdang Bedagai;Alam;Pantai Teluk Bengkuang;;4.2;147
North Sumatra;Kabupaten Serdang Bedagai;Alam;Pantai Marisa;;4.5;35
North Sumatra;Kabupaten Serdang Bedagai;Alam;Air terjun Luahandroi;;4.4;10
North Sumatra;Kabupaten Serdang Bedagai;Alam;Pulau Wunga;;4.7;9
North Sumatra;Kabupaten Serdang Bedagai;Alam;Pantai TOYOLAWA;;4.0;7
North Sumatra;Kabupaten Serdang Bedagai;Sejarah;Bahal Temple I;;4.4;212
North Sumatra;Kabupaten Serdang Bedagai;Alam;Aek Milas Paringgonan Sibuhuan;;4.1;208
North Sumatra;Kabupaten Serdang Bedagai;Religi;CANDI SIPAMUTUNG;;4.5;35
North Sumatra;Kabupaten Serdang Bedagai;Religi;Candi Biaro Sangkilon;;4.7;3
North Sumatra;Kabupaten Serdang Bedagai;Religi;Candi Tandihat I;;4.7;9
North Sumatra;Kabupaten Serdang Bedagai;Religi;Candi Pulo;;4.3;11
North Sumatra;Kabupaten Serdang Bedagai;Alam;Air Terjun Lae Mbilulu;;4.5;204
North Sumatra;Kabupaten Serdang Bedagai;Alam;Wisata Delleng sindeka;;4.6;25
North Sumatra;Kabupaten Serdang Bedagai;Alam;Menara Pandang Tele;;4.5;3,419
North Sumatra;Kabupaten Serdang Bedagai;Alam;Pertunjukan Tari Sigale Gale;;4.5;2,512
North Sumatra;Kabupaten Serdang Bedagai;Alam;Onan Runggu;;;
North Sumatra;Kabupaten Serdang Bedagai;Alam;Bukit Holbung Samosir;;4.7;1,55
North Sumatra;Kabupaten Serdang Bedagai;Alam;Efrata Waterfall;;4.5;1,288
North Sumatra;Kabupaten Serdang Bedagai;Alam;Bukit Sibea-Bea;;4.5;1,256
North Sumatra;Kabupaten Serdang Bedagai;Alam;Pasir putih Parbaba;;4.3;2,818
North Sumatra;Kabupaten Serdang Bedagai;Sejarah;Batu Kursi Raja Siallagan ( Stone Chair of King Siallagan );;4.5;1,282
North Sumatra;Kabupaten Serdang Bedagai;Alam;Pasar Tomok;;4.4;1,299
North Sumatra;Kabupaten Serdang Bedagai;Alam;Aek Rangat;;4.3;1,37
North Sumatra;Kabupaten Serdang Bedagai;Alam;Huta Siallagan;;4.7;368
North Sumatra;Kabupaten Serdang Bedagai;Alam;Bukit Beta Tuk-tuk;;4.6;343
North Sumatra;Kabupaten Serdang Bedagai;Sejarah;Danau Aek Natonang;;4.5;231
North Sumatra;Kabupaten Serdang Bedagai;Alam;Parhallow viewpoint and coffee shop;;4.6;440
North Sumatra;Kabupaten Serdang Bedagai;Sejarah;Sopo Guru Tatea Bulan;;4.6;337
North Sumatra;Kabupaten Serdang Bedagai;Sejarah;Batak Museum;;4.3;389
North Sumatra;Kabupaten Serdang Bedagai;Alam;Air Terjun Sigarattung (Sampuran Na Pitu);;4.5;252
North Sumatra;Kabupaten Serdang Bedagai;Sejarah;Old Tomb of King Sidabutar;;4.4;148
North Sumatra;Kabupaten Serdang Bedagai;Sejarah;Tugu Toga Sinaga;;4.7;205
North Sumatra;Kabupaten Serdang Bedagai;Alam;pantai pasir putih;;4.3;332
North Sumatra;Kabupaten Serdang Bedagai;Sejarah;Patung Sigale gale;;4.7;129
North Sumatra;Kabupaten Serdang Bedagai;Alam;Pemandian Aek Sipitu Dai;;4.3;365
North Sumatra;Kabupaten Serdang Bedagai;Alam;Sigurgur Beach & Restaurant;;4.3;324
North Sumatra;Kabupaten Serdang Bedagai;Alam;Bukit Burung;;4.7;109
North Sumatra;Kabupaten Serdang Bedagai;Alam;Pantai Indah Situngkir (PIS);;4.3;204
North Sumatra;Kabupaten Serdang Bedagai;Sejarah;Tugu Ompu Tuan Situmorang;;4.7;114
North Sumatra;Kabupaten Serdang Bedagai;Alam;Batu Sawan;;4.7;103
North Sumatra;Kabupaten Serdang Bedagai;Alam;Hadabuan Naisogop Waterfalls;;4.4;110
North Sumatra;Kabupaten Serdang Bedagai;Alam;Samosir Botanical Garden;;4.2;251
North Sumatra;Kabupaten Serdang Bedagai;Alam;Toga raja;;4.8;67
North Sumatra;Kabupaten Serdang Bedagai;Sejarah;Museum Huta Bolon Simanindo;;4.1;333
North Sumatra;Kabupaten Serdang Bedagai;Alam;Kampung Ulos Huta Raja;;4.6;66
North Sumatra;Kabupaten Serdang Bedagai;Alam;Taman Doa Getsemani;;4.6;44
North Sumatra;Kabupaten Serdang Bedagai;Alam;Gunung Pusuk Buhit;;4.6;52
North Sumatra;Kabupaten Serdang Bedagai;Alam;Patung Tuhan Yesus;;4.6;48
North Sumatra;Kabupaten Serdang Bedagai;Alam;Batu marhosa;;4.4;54
North Sumatra;Kabupaten Serdang Bedagai;Alam;Pemandian Air Panas Rianiate;;4.1;120
North Sumatra;Kabupaten Serdang Bedagai;Alam;Wisata Samosir;;5.0;3
North Sumatra;Kabupaten Serdang Bedagai;Alam;BATUGURU- PANGALOAN;;4.7;26
North Sumatra;Kabupaten Serdang Bedagai;Alam;Batu Maroppa;;4.6;21
North Sumatra;Kabupaten Serdang Bedagai;Alam;Bukit Sipatungan;;4.6;13
North Sumatra;Kabupaten Serdang Bedagai;Sejarah;Dolok Sipatungan;;4.8;4
North Sumatra;Kabupaten Serdang Bedagai;Alam;Creative Hub Samosir;;4.8;25
North Sumatra;Kabupaten Serdang Bedagai;Sejarah;Huta BOLON;;4.2;45
North Sumatra;Kabupaten Serdang Bedagai;Alam;Patung Yesus Tertinggi di Dunia;;4.5;2
North Sumatra;Kabupaten Serdang Bedagai;Alam;Sitapigagan Waterfall;;4.9;12
North Sumatra;Kabupaten Serdang Bedagai;Alam;Menara Pandang Simanindo;;4.6;16
North Sumatra;Kabupaten Serdang Bedagai;Alam;Lake Sidihoni;;4.3;172
North Sumatra;Kabupaten Serdang Bedagai;Alam;danau sidihoni.danau di atas danau;;4.4;9
North Sumatra;Kabupaten Serdang Bedagai;Alam;Simangande Waterfall;;4.2;12
North Sumatra;Kabupaten Serdang Bedagai;Alam;Mount Toba;;4.4;214
North Sumatra;Kabupaten Serdang Bedagai;Alam;Sijukjuk Hill;;4.3;11
North Sumatra;Kabupaten Serdang Bedagai;Alam;Sipatungan Hill;;4.2;15
North Sumatra;Kabupaten Serdang Bedagai;Alam;Waterfront City Pangururan;;;
North Sumatra;Kabupaten Serdang Bedagai;Alam;Pulau Tulas;;4.7;43
North Sumatra;Kabupaten Serdang Bedagai;Alam;Pusuk Buhit Mountain;;4.4;151
North Sumatra;Kabupaten Serdang Bedagai;Alam;Parbaba Beach;;4.0;1
North Sumatra;Kabupaten Serdang Bedagai;Alam;Bukit Holbung Sipege;;4.0;5
North Sumatra;Kabupaten Serdang Bedagai;Alam;Pantai Pondok Permai .;;4.2;2,543
North Sumatra;Kabupaten Serdang Bedagai;Alam;R-Zoo & Park;;4.3;1,149
North Sumatra;Kabupaten Serdang Bedagai;Alam;Pantai Bali Lestari;;4.1;3,821
North Sumatra;Kabupaten Serdang Bedagai;Alam;Pantai Cermin Theme Park & ​​Resort Hotel;;4.1;1,958
North Sumatra;Kabupaten Serdang Bedagai;Alam;Sipispis Arung Jeram;;4.5;188
North Sumatra;Kabupaten Serdang Bedagai;Alam;Pantai Mangrove (Wisata Mangrove);;4.2;737
North Sumatra;Kabupaten Serdang Bedagai;Alam;Rafting Ancol;;4.5;172
North Sumatra;Kabupaten Serdang Bedagai;Alam;Pasar Bengkel;;4.2;653
North Sumatra;Kabupaten Serdang Bedagai;Alam;Cemara Kembar Beach;;4.1;986
North Sumatra;Kabupaten Serdang Bedagai;Alam;Pantai Sri Mersing;;4.1;1,029
North Sumatra;Kabupaten Serdang Bedagai;Alam;Jericho Stable;;4.2;406
North Sumatra;Kabupaten Serdang Bedagai;Alam;Pantai Pondok Permai;;4.4;148
North Sumatra;Kabupaten Serdang Bedagai;Alam;Socfindo Conservation;;4.8;77
North Sumatra;Kabupaten Serdang Bedagai;Alam;Pantai Sialang Buah;;4.1;362
North Sumatra;Kabupaten Serdang Bedagai;Alam;Pantai Mangrove;;4.3;134
North Sumatra;Kabupaten Serdang Bedagai;Alam;Pemandian Batu Nongol;;4.1;229
North Sumatra;Kabupaten Serdang Bedagai;Alam;Jembatan Jalinsum Sungai Ular;;4.2;147
North Sumatra;Kabupaten Serdang Bedagai;Alam;Tebing Tinggi City;;;
North Sumatra;Kabupaten Serdang Bedagai;Alam;Muara beach Beautiful;;4.1;92
North Sumatra;Kabupaten Serdang Bedagai;Alam;Wisata Sungai Bahbolon;;5.0;1
North Sumatra;Kabupaten Serdang Bedagai;Alam;PEMANDIAN ALAM BAH APUNG;;4.8;4
North Sumatra;Kabupaten Serdang Bedagai;Alam;Pantai Sentang;;4.1;105
North Sumatra;Kabupaten Serdang Bedagai;Alam;Bali Lestari Beach;;4.3;3
North Sumatra;Kabupaten Serdang Bedagai;Alam;Pantai Atp;;4.2;23
North Sumatra;Kabupaten Serdang Bedagai;Alam;Bah Bolon;;5.0;1
North Sumatra;Kabupaten Serdang Bedagai;Alam;Pantai Mutiara;;4.0;81
North Sumatra;Kabupaten Serdang Bedagai;Alam;Cermin Beach;;3.9;91
North Sumatra;Kabupaten Serdang Bedagai;Alam;Pantai Mutiara Indah;;4.0;47
North Sumatra;Kabupaten Serdang Bedagai;Alam;Air Terjun Sampuran Widuri;;3.8;92
North Sumatra;Kabupaten Serdang Bedagai;Alam;Pantai Kelang;;3.8;177
North Sumatra;Kabupaten Serdang Bedagai;Alam;Pantai Kuala Putri;;3.8;201
North Sumatra;Kabupaten Serdang Bedagai;Alam;Pantai Merdeka;;3.6;5
North Sumatra;Kabupaten Serdang Bedagai;Alam;Romance Bay;;3.4;142
North Sumatra;Kabupaten Simalungun;Alam;Penatapan Simarjarunjung;;4.4;1,123
North Sumatra;Kabupaten Simalungun;Alam;Bah Manik;;4.3;1,429
North Sumatra;Kabupaten Simalungun;Alam;Aek Nauli ELephant Conservation Unit;;4.6;566
North Sumatra;Kabupaten Simalungun;Alam;Air Terjun Bah Biak Sidamanik;;4.2;1,345
North Sumatra;Kabupaten Simalungun;Alam;Bukit Sipiso Piso;;4.5;506
North Sumatra;Kabupaten Simalungun;Alam;Manigom Nauli;;4.4;512
North Sumatra;Kabupaten Simalungun;Alam;Swimmbath travel Nature Baths (Loc: Sweembat);;4.4;365
North Sumatra;Kabupaten Simalungun;Sejarah;Pesanggrahan Bung Karno;;4.5;220
North Sumatra;Kabupaten Simalungun;Alam;Wisata Anugerah Indah Sippan;;4.6;257
North Sumatra;Kabupaten Simalungun;Alam;Pemandian Alam Sejuk Pas;;4.1;1,195
North Sumatra;Kabupaten Simalungun;Alam;Tempat Pengasingan Soekarno;;4.4;229
North Sumatra;Kabupaten Simalungun;Alam;Pemandian Umbul;;4.3;385
North Sumatra;Kabupaten Simalungun;Alam;ANECC;;4.5;152
North Sumatra;Kabupaten Simalungun;Alam;Tea Gardens Bah Butong Sidamanik;;4.4;122
North Sumatra;Kabupaten Simalungun;Alam;Katasa Waterfall;;4.5;75
North Sumatra;Kabupaten Simalungun;Alam;Siramah Taman Rekreasi Keluarga;;4.2;320
North Sumatra;Kabupaten Simalungun;Alam;Green Star Park Simalungun;;4.1;457
North Sumatra;Kabupaten Simalungun;Alam;Taman Wisata Kera Sibaganding;;4.3;132
North Sumatra;Kabupaten Simalungun;Alam;Pemandian Timuran;;4.4;98
North Sumatra;Kabupaten Simalungun;Alam;Kolam Renang Kali Wetan;;4.6;73
North Sumatra;Kabupaten Simalungun;Alam;Wisata Pemandian Bah Tio/aqua;;4.5;66
North Sumatra;Kabupaten Simalungun;Alam;Puncak Simarjarunjung;;4.5;63
North Sumatra;Kabupaten Simalungun;Alam;Pantai Kenangan;;4.3;93
North Sumatra;Kabupaten Simalungun;Alam;Pelabuhan Parapat;;4.2;102
North Sumatra;Kabupaten Simalungun;Alam;air terjun sijambe;;4.5;47
North Sumatra;Kabupaten Simalungun;Alam;Air Terjun Jambuara Indah;;4.1;127
North Sumatra;Kabupaten Simalungun;Alam;Kali Wetan Water Park;;4.6;41
North Sumatra;Kabupaten Simalungun;Alam;ATV Sijambe;;4.6;41
North Sumatra;Kabupaten Simalungun;Alam;Tanjung Unta;;4.3;48
North Sumatra;Kabupaten Simalungun;Alam;Letda Sujono Monument;;4.2;101
North Sumatra;Kabupaten Simalungun;Alam;WISATA INDAH SIPPAN (WIS) JUMA REBEN 2;;4.7;41
North Sumatra;Kabupaten Simalungun;Alam;Air Terjun Binanga Bolon;;4.5;32
North Sumatra;Kabupaten Simalungun;Alam;Pemandian Mata Air Karang Anyar;;4.2;75
North Sumatra;Kabupaten Simalungun;Alam;Ruang Terbuka Publik Parapat;;4.9;13
North Sumatra;Kabupaten Simalungun;Alam;Puncak Gunung Sipiso-piso;;4.5;23
North Sumatra;Kabupaten Simalungun;Alam;Air terjun simarudan udan;;4.4;21
North Sumatra;Kabupaten Simalungun;Alam;Air Terjun Tonduhan;;4.0;196
North Sumatra;Kabupaten Simalungun;Alam;Pemandian kampung gunung;;4.3;9
North Sumatra;Kabupaten Simalungun;Alam;Air Terjun Tibet;;4.2;18
North Sumatra;Kabupaten Simalungun;Alam;Pantai Kasih;;4.1;9
North Sumatra;Kabupaten Simalungun;Alam;Dolok Tinggi Raja;;4.0;61
North Sumatra;Kabupaten Simalungun;Alam;Jembatan embong;;4.0;8
North Sumatra;Kabupaten Simalungun;Alam;Simatahuting Pool;;3.9;86
North Sumatra;Kabupaten Simalungun;Alam;kampung gunung;;3.8;6
North Sumatra;Kabupaten Simalungun;Alam;Kawah Putih Dolok Tinggi Raja;;3.7;454
North Sumatra;Kabupaten Tapanuli Selatan;Alam;Penatapan Simarjarunjung;;4.4;1,123
North Sumatra;Kabupaten Tapanuli Selatan;Alam;Bah Manik;;4.3;1,429
North Sumatra;Kabupaten Tapanuli Selatan;Alam;Aek Nauli ELephant Conservation Unit;;4.6;566
North Sumatra;Kabupaten Tapanuli Selatan;Alam;Air Terjun Bah Biak Sidamanik;;4.2;1,345
North Sumatra;Kabupaten Tapanuli Selatan;Alam;Bukit Sipiso Piso;;4.5;506
North Sumatra;Kabupaten Tapanuli Selatan;Alam;Manigom Nauli;;4.4;512
North Sumatra;Kabupaten Tapanuli Selatan;Alam;Swimmbath travel Nature Baths (Loc: Sweembat);;4.4;365
North Sumatra;Kabupaten Tapanuli Selatan;Sejarah;Pesanggrahan Bung Karno;;4.5;220
North Sumatra;Kabupaten Tapanuli Selatan;Alam;Wisata Anugerah Indah Sippan;;4.6;257
North Sumatra;Kabupaten Tapanuli Selatan;Alam;Pemandian Alam Sejuk Pas;;4.1;1,195
North Sumatra;Kabupaten Tapanuli Selatan;Sejarah;Tempat Pengasingan Soekarno;;4.4;229
North Sumatra;Kabupaten Tapanuli Selatan;Alam;Pemandian Umbul;;4.3;385
North Sumatra;Kabupaten Tapanuli Selatan;Alam;ANECC;;4.5;152
North Sumatra;Kabupaten Tapanuli Selatan;Alam;Tea Gardens Bah Butong Sidamanik;;4.4;122
North Sumatra;Kabupaten Tapanuli Selatan;Alam;Katasa Waterfall;;4.5;75
North Sumatra;Kabupaten Tapanuli Selatan;Alam;Siramah Taman Rekreasi Keluarga;;4.2;320
North Sumatra;Kabupaten Tapanuli Selatan;Alam;Green Star Park Simalungun;;4.1;457
North Sumatra;Kabupaten Tapanuli Selatan;Alam;Taman Wisata Kera Sibaganding;;4.3;132
North Sumatra;Kabupaten Tapanuli Selatan;#N/A;Pemandian Timuran;;4.4;98
North Sumatra;Kabupaten Tapanuli Selatan;Alam;Kolam Renang Kali Wetan;;4.6;73
North Sumatra;Kabupaten Tapanuli Selatan;Alam;Wisata Pemandian Bah Tio/aqua;;4.5;66
North Sumatra;Kabupaten Tapanuli Selatan;Alam;Puncak Simarjarunjung;;4.5;63
North Sumatra;Kabupaten Tapanuli Selatan;Alam;Pantai Kenangan;;4.3;93
North Sumatra;Kabupaten Tapanuli Selatan;Alam;Pelabuhan Parapat;;4.2;102
North Sumatra;Kabupaten Tapanuli Selatan;Alam;air terjun sijambe;;4.5;47
North Sumatra;Kabupaten Tapanuli Selatan;Alam;Air Terjun Jambuara Indah;;4.1;127
North Sumatra;Kabupaten Tapanuli Selatan;Alam;Kali Wetan Water Park;;4.6;41
North Sumatra;Kabupaten Tapanuli Selatan;Alam;ATV Sijambe;;4.6;41
North Sumatra;Kabupaten Tapanuli Selatan;Alam;Tanjung Unta;;4.3;48
North Sumatra;Kabupaten Tapanuli Selatan;Sejarah;Letda Sujono Monument;;4.2;101
North Sumatra;Kabupaten Tapanuli Selatan;Alam;WISATA INDAH SIPPAN (WIS) JUMA REBEN 2;;4.7;41
North Sumatra;Kabupaten Tapanuli Selatan;Alam;Air Terjun Binanga Bolon;;4.5;32
North Sumatra;Kabupaten Tapanuli Selatan;Alam;Pemandian Mata Air Karang Anyar;;4.2;75
North Sumatra;Kabupaten Tapanuli Selatan;Alam;Ruang Terbuka Publik Parapat;;4.9;13
North Sumatra;Kabupaten Tapanuli Selatan;Alam;Puncak Gunung Sipiso-piso;;4.5;23
North Sumatra;Kabupaten Tapanuli Selatan;Alam;Air terjun simarudan udan;;4.4;21
North Sumatra;Kabupaten Tapanuli Selatan;Alam;Air Terjun Tonduhan;;4.0;196
North Sumatra;Kabupaten Tapanuli Selatan;Alam;Pemandian kampung gunung;;4.3;9
North Sumatra;Kabupaten Tapanuli Selatan;Alam;Air Terjun Tibet;;4.2;18
North Sumatra;Kabupaten Tapanuli Selatan;Alam;Pantai Kasih;;4.1;9
North Sumatra;Kabupaten Tapanuli Selatan;Alam;Dolok Tinggi Raja;;4.0;61
North Sumatra;Kabupaten Tapanuli Selatan;Alam;Jembatan embong;;4.0;8
North Sumatra;Kabupaten Tapanuli Selatan;Alam;Simatahuting Pool;;3.9;86
North Sumatra;Kabupaten Tapanuli Selatan;Alam;kampung gunung;;3.8;6
North Sumatra;Kabupaten Tapanuli Selatan;Alam;Kawah Putih Dolok Tinggi Raja;;3.7;454
North Sumatra;Kabupaten Tapanuli Tengah;Alam;;;;
North Sumatra;Kabupaten Tapanuli Utara;Alam;;;;
North Sumatra;Kabupaten Toba;Alam;;;;
North Sumatra;Kota Binjai;Alam;;;;
North Sumatra;Kota Gunungsitoli;Alam;;;;
North Sumatra;Kota Medan;Alam;;;;
North Sumatra;Kota Padang Sidempuan;Alam;;;;
North Sumatra;Kota Pematangsiantar;Alam;;;;
North Sumatra;Kota Suibolga;Alam;;;;
North Sumatra;Kota Tanjungbalai;Alam;;;;
North Sumatra;Kota Tebing Tinggi;Alam;;;;
South Sumatra;Kabupaten Banyuasin;Alam;;;;
South Sumatra;Kabupaten Empat Lawang;Alam;;;;
South Sumatra;Kabupaten Lahat;Alam;;;;
South Sumatra;Kabupaten Muara Enim;Alam;;;;
South Sumatra;Kabupaten Musi Banyuasin;Alam;;;;
South Sumatra;Kabupaten Musi Rawas;Alam;;;;
South Sumatra;Kabupaten Musi Rawas Utara;Alam;;;;
South Sumatra;Kabupaten Organ Llir;Alam;;;;
South Sumatra;Kabupaten Organ Komering llir;Alam;;;;
South Sumatra;Kabupaten Organ Komering Ulu;Alam;;;;
South Sumatra;Kabupaten Organ Komering Ulu Selatan;Alam;;;;
South Sumatra;Kabupaten Organ Komering Ulu Timur;Alam;;;;
South Sumatra;Kabupaten Penukal Abab Lematan llir;Alam;;;;
South Sumatra;Kota Lubuklinggau;Alam;;;;
South Sumatra;Kota Pagar Alam;Alam;;;;
South Sumatra;Kota Palembang;Sejarah;Kuto Besak Fortress;;4.5;8,338
South Sumatra;Kota Palembang;Alam;Kemaro Island;;4.5;525
South Sumatra;Kota Palembang;Alam;Ampera Bridge;;4.8;99
South Sumatra;Kota Palembang;Sejarah;Sultan Mahmud Badaruddin II Museum;;4.5;963
South Sumatra;Kota Palembang;Alam;Jakabaring Sport City;;4.6;7,992
South Sumatra;Kota Palembang;Religi;Al Islam Muhammad Cheng Hoo Sriwijaya Palembang Mosque;;4.8;4,122
South Sumatra;Kota Palembang;Alam;Taman Wisata Kerajaan Sriwijaya;;4.4;3,116
South Sumatra;Kota Palembang;Alam;Sultan Mahmud Badaruddin Jayo Wikramo Great Mosque (Great Mosque of Palembang);;4.8;14,699
South Sumatra;Kota Palembang;Alam;Taman Wisata Alam Punti Kayu;;4.3;4,007
South Sumatra;Kota Palembang;Alam;Amanzi Waterpark;;4.4;4,02
South Sumatra;Kota Palembang;Alam;Taman Kambang Iwak Besak;;4.5;11,031
South Sumatra;Kota Palembang;Alam;Bayt Al-Qur'an Palembang;;4.6;4,696
South Sumatra;Kota Palembang;Alam;Palembang Bird Park;;4.3;2,892
South Sumatra;Kota Palembang;Alam;Puntikayu Amusement Palembang;;4.1;4,766
South Sumatra;Kota Palembang;Alam;OPI Water Fun;;4.4;4,391
South Sumatra;Kota Palembang;Alam;Jembatan Kambang Iwak Palembang;;4.5;11
South Sumatra;Kota Palembang;Sejarah;MONPERA;;4.6;324
South Sumatra;Kota Palembang;Religi;Masjid Amirul Mukminin;;5.0;15
South Sumatra;Kota Palembang;Alam;Tugu Ikan Belido;;4.5;240
South Sumatra;Kota Palembang;Alam;Sungai Sekanak;;4.5;4
South Sumatra;Kota Palembang;Sejarah;Prasasti Talang Tuwo;;4.3;31
South Sumatra;Kota Palembang;Alam;Sekanak Sidewalk;;4.3;35
South Sumatra;Kota Palembang;Alam;Jembatan Musi IV;;4.6;660
South Sumatra;Kota Palembang;Alam;Taman Sekanak Lambidaro;;4.5;282
South Sumatra;Kota Palembang;Alam;Taman Bunga Celosia Springhill;;4.3;35
South Sumatra;Kota Palembang;Alam;Kampung Wisata Al Munawar;;4.6;2,299
South Sumatra;Kota Palembang;Alam;Waterpark Fantasy Island;;4.3;962
South Sumatra;Kota Palembang;Sejarah;G Art Studio Palembang;;4.8;80
South Sumatra;Kota Palembang;Sejarah;Balaputradewa Museum;;4.5;2,702
South Sumatra;Kota Palembang;Alam;Lake Land Mas;;4.1;1,92
South Sumatra;Kota Palembang;Sejarah;Museum AK Gani;;4.4;49
South Sumatra;Kota Palembang;Alam;Palembang Fountain Circle;;4.6;1,507
South Sumatra;Kota Palembang;Alam;Saung Bambu Pelangi Kenten;;4.4;555
South Sumatra;Kota Palembang;Alam;PASAR SEKANAK;;4.4;349
South Sumatra;Kota Palembang;Alam;Kawah Tekurep;;4.4;72
South Sumatra;Kota Palembang;Alam;Kompleks Makam Ki Gede Ing Suro;;4.6;79
South Sumatra;Kota Palembang;Alam;Danau Buatan Air Batu;;4.3;585
South Sumatra;Kota Palembang;Alam;Taman Pelangi Sriwijaya;;3.6;91
South Sumatra;Kota Palembang;Alam;Danau OPI JaKaBaRing;;4.2;1,013
South Sumatra;Kota Palembang;Religi;Vihara Vajra Bhumi Sriwijaya 聖輪雷藏寺;;4.9;82
South Sumatra;Kota Palembang;Alam;GOR Jakabaring;;4.5;157
South Sumatra;Kota Palembang;Alam;Kolam Renang Lumban Tirta;;4.3;456
South Sumatra;Kota Palembang;Alam;Taman jokis;;4.4;108
South Sumatra;Kota Palembang;Religi;Masjid Lawang Kidul;;4.8;763
South Sumatra;Kota Palembang;Alam;Kolam Renang Lombok Kenten Laut;;4.2;256
South Sumatra;Kota Palembang;Alam;Danau Jakabaring;;4.7;72
South Sumatra;Kota Palembang;Alam;Lake Water Ski Jakabaring Sport City;;4.5;2,304
South Sumatra;Kota Palembang;Alam;Culinary Musi Riverside;;4.3;724
South Sumatra;Kota Palembang;Alam;Pulau Kemaro;;3.6;5
South Sumatra;Kota Palembang;Sejarah;Museum Tekstil Provinsi Sumatera Selatan;;3.0;2
South Sumatra;Kota Palembang;Sejarah;Monumen Ampera;;4.5;786
South Sumatra;Kota Palembang;Religi;Gereja Katedral St. Maria Palembang;;4.7;209
South Sumatra;Kota Palembang;Alam;Taman langit mini zoo kenten;;4.0;16
South Sumatra;Kota Palembang;Alam;Simpang Polda Park;;4.4;31
South Sumatra;Kota Palembang;Alam;Taman Bunga Celosia Kenten Laut;;4.3;222
South Sumatra;Kota Palembang;Alam;Pondok Bambu;;4.3;41
South Sumatra;Kota Palembang;Sejarah;Museum Songket;;4.7;83
South Sumatra;Kota Palembang;Religi;Kelenteng Kwan Im / Chandra Nadi Temple;;4.9;192
South Sumatra;Kota Palembang;Religi;Pura Agung Sriwijaya;;4.7;190
South Sumatra;Kota Prabumulih;Alam;Taman Kota Prabumulih;;4.4;509
South Sumatra;Kota Prabumulih;Alam;Cambai;;;
South Sumatra;Kota Prabumulih;Alam;Taman Wonosari;;3.8;106
South Sumatra;Kota Prabumulih;Sejarah;FlyOver Patih Galung, PrabuMulih;;4.8;6
South Sumatra;Kota Prabumulih;Alam;wisata Kolam biru;;;
West Sumatra;Kabupaten Agam;Alam;Puncak Lawang;;4.6;5,563
West Sumatra;Kabupaten Agam;Alam;Lawang Adventure Park;;4.6;1,804
West Sumatra;Kabupaten Agam;Religi;Bayur Central Mosque;;4.8;1,064
West Sumatra;Kabupaten Agam;Alam;Lereng Singgalang;;4.6;872
West Sumatra;Kabupaten Agam;Alam;Puncak Janjang Koto Gadang;;4.5;705
West Sumatra;Kabupaten Agam;Alam;Taman Bermain Banto Royo;;4.2;1,924
West Sumatra;Kabupaten Agam;Alam;Objek Wisata Luak Gadang, Guguak Rang Pisang;;4.4;718
West Sumatra;Kabupaten Agam;Alam;Wisata Sajuta Janjang;;4.7;464
West Sumatra;Kabupaten Agam;Alam;Tabek Gadang Sungai Tanang;;4.6;506
West Sumatra;Kabupaten Agam;Alam;Wisata Pantai Tiku;;4.3;945
West Sumatra;Kabupaten Agam;Alam;Tirtasari Park;;4.3;860
West Sumatra;Kabupaten Agam;Alam;Boekit Ambatjang Paardenrenbaan en Terrein;;4.6;454
West Sumatra;Kabupaten Agam;Alam;Museum Rumah Kelahiran Buya Hamka;;4.6;339
West Sumatra;Kabupaten Agam;Alam;Puncak Taruko;;4.7;361
West Sumatra;Kabupaten Agam;Alam;Puncak Kabun;;4.6;335
West Sumatra;Kabupaten Agam;Alam;Ambun Tanai Park Square;;4.4;532
West Sumatra;Kabupaten Agam;Alam;Linggai Park;;4.3;609
West Sumatra;Kabupaten Agam;Alam;Wisata Dangau Pasawangan;;4.5;253
West Sumatra;Kabupaten Agam;Alam;"Pemandian Air Panas ""HONSEN BATANGEH""";;4.5;245
West Sumatra;Kabupaten Agam;Alam;Tarusan Kamang;;4.3;437
West Sumatra;Kabupaten Agam;Sejarah;Tugu Abel Marapi;;4.6;198
West Sumatra;Kabupaten Agam;Alam;Tabiang Takuruang;;4.6;156
West Sumatra;Kabupaten Agam;Alam;Pantai Tiku;;4.2;642
West Sumatra;Kabupaten Agam;Alam;Attractions Fish Sungai Janiah;;4.2;462
West Sumatra;Kabupaten Agam;Alam;Air Terjun Langkuik Tinggi;;4.7;98
West Sumatra;Kabupaten Agam;Religi;Masjid Bingkudu;;4.6;112
West Sumatra;Kabupaten Agam;Alam;Simpang Tanjung Alam;;4.5;105
West Sumatra;Kabupaten Agam;Alam;Badorai;;4.5;89
West Sumatra;Kabupaten Agam;Sejarah;Nurul Iman Mosque of Koto Gadang;;4.7;95
West Sumatra;Kabupaten Agam;Alam;Panorama kelok Lengkok;;4.6;73
West Sumatra;Kabupaten Agam;Alam;Kebun Strawberry Kampung Upang;;4.8;65
West Sumatra;Kabupaten Agam;Alam;banto rayo,;;4.1;250
West Sumatra;Kabupaten Agam;Religi;Pincuran Gadang Old Mosque;;4.8;53
West Sumatra;Kabupaten Agam;Alam;Linggai Danau Maninjau;;4.4;64
West Sumatra;Kabupaten Agam;Alam;Pantai Pasir Paneh Tiku;;4.4;43
West Sumatra;Kabupaten Agam;Alam;Air Terjun Langkuik;;4.5;27
West Sumatra;Kabupaten Agam;Alam;Pantai Bandar Mutiara;;4.2;67
West Sumatra;Kabupaten Agam;Alam;Sewa bus pariwisata bukittinggi;;5.0;13
West Sumatra;Kabupaten Agam;Alam;Waterboom Loebas Wisata;;4.4;36
West Sumatra;Kabupaten Agam;Alam;Bukik Baka;;4.5;12
West Sumatra;Kabupaten Agam;Alam;Langkuik Tamiang;;4.6;11
West Sumatra;Kabupaten Agam;Alam;Cagar Alam Maninjau;;5.0;1
West Sumatra;Kabupaten Agam;Alam;Air Terjun Gadih Ranti;;5.0;1
West Sumatra;Kabupaten Agam;Alam;Kelok 44 Sumbar;;4.9;16
West Sumatra;Kabupaten Agam;Alam;Pincuran Gadang;;4.9;7
West Sumatra;Kabupaten Agam;Alam;Objek Wisata Bandar Mutiara;;4.2;56
West Sumatra;Kabupaten Agam;Alam;Muaro Tiku;;4.8;6
West Sumatra;Kabupaten Agam;Alam;Lake Maninjau;;4.6;1,251
West Sumatra;Kabupaten Agam;Alam;Ngalau Tarang;;4.1;37
West Sumatra;Kabupaten Agam;Alam;Mount Singgalang;;4.4;334
West Sumatra;Kabupaten Agam;Sejarah;Ngalau Kamang;;4.0;13
West Sumatra;Kabupaten Agam;Alam;Pasia tiku;;3.9;8
West Sumatra;Kabupaten Dharmasraya;Alam;Jembatan Batang Hari Sungai Dareh;;4.4;217
West Sumatra;Kabupaten Dharmasraya;Alam;Alinia Park & Resort;;4.3;166
West Sumatra;Kabupaten Dharmasraya;Religi;Dharmāśraya;;4.1;74
West Sumatra;Kabupaten Dharmasraya;Religi;Candi Pulau Sawah;;4.1;41
West Sumatra;Kabupaten Dharmasraya;Alam;Puncak Gunung Medan;;4.0;53
West Sumatra;Kabupaten Dharmasraya;Alam;Batu Bakawik;;3.9;99
West Sumatra;Kabupaten Kepulauan Mentawai;Alam;Pagai-selatan Island;;4.0;30
West Sumatra;Kabupaten Kepulauan Mentawai;Alam;Pagai-utara Island;;4.2;47
West Sumatra;Kabupaten Kepulauan Mentawai;Alam;Siberut Island National Park;;4.5;337
West Sumatra;Kabupaten Kepulauan Mentawai;Alam;Pantai Jati;;4.5;112
West Sumatra;Kabupaten Kepulauan Mentawai;Alam;Pantai Mapaddegat;;4.3;127
West Sumatra;Kabupaten Kepulauan Mentawai;Alam;Awera island beach;;5.0;3
West Sumatra;Kabupaten Kepulauan Mentawai;Alam;Mega;;4.0;5
West Sumatra;Kabupaten Kepulauan Mentawai;Alam;Mapadegat Beach;;4.6;5
West Sumatra;Kabupaten Kepulauan Mentawai;Alam;Air Terjun Kulukubuk;;5.0;8
West Sumatra;Kabupaten Kepulauan Mentawai;Alam;Sibigau Island;;2.6;5
West Sumatra;Kabupaten Kepulauan Mentawai;Alam;Karangmajat Island;;4.8;6
West Sumatra;Kabupaten Lima Puluh Kota;Alam;Lembah Harau;;4.4;4,855
West Sumatra;Kabupaten Lima Puluh Kota;Alam;Sarasah Bunta Waterfall;;4.5;2,08
West Sumatra;Kabupaten Lima Puluh Kota;Alam;Harau Valley Waterfall;;4.5;1,677
West Sumatra;Kabupaten Lima Puluh Kota;Alam;Kelok 9;;4.6;1,553
West Sumatra;Kabupaten Lima Puluh Kota;Alam;Panorama Lembah Harau;;4.5;1,215
West Sumatra;Kabupaten Lima Puluh Kota;Alam;Kampuang Sarasah;;4.5;877
West Sumatra;Kabupaten Lima Puluh Kota;Alam;Taman Wisata Lembah Harau;;4.4;668
West Sumatra;Kabupaten Lima Puluh Kota;Alam;Rumah Godang Sungai Baringin;;4.5;446
West Sumatra;Kabupaten Lima Puluh Kota;Alam;Batang Tabik Waterpark;;4.3;755
West Sumatra;Kabupaten Lima Puluh Kota;Alam;Harau Getaway;;4.7;288
West Sumatra;Kabupaten Lima Puluh Kota;Alam;Torang Saribulan;;4.6;266
West Sumatra;Kabupaten Lima Puluh Kota;Religi;Surau Tuo;;4.7;202
West Sumatra;Kabupaten Lima Puluh Kota;Alam;Panorama Kayu Kolek;;4.3;390
West Sumatra;Kabupaten Lima Puluh Kota;Alam;Forbiden fishing..;;4.4;291
West Sumatra;Kabupaten Lima Puluh Kota;Alam;Sarasah Donat;;4.5;145
West Sumatra;Kabupaten Lima Puluh Kota;Sejarah;Monumen PDRI;;4.4;259
West Sumatra;Kabupaten Lima Puluh Kota;Sejarah;Bukit Batu Manda;;4.6;115
West Sumatra;Kabupaten Lima Puluh Kota;Sejarah;Kampung Sarosah - Kampung Eropa Harau;;4.2;384
West Sumatra;Kabupaten Lima Puluh Kota;Sejarah;Bukik Godang Taram;;4.3;204
West Sumatra;Kabupaten Lima Puluh Kota;Sejarah;Panorama Padang Mangateh;;4.6;62
West Sumatra;Kabupaten Lima Puluh Kota;Sejarah;Monas Bela Negara (PDRI) - Aie Angek - Koto Tinggi;;4.3;134
West Sumatra;Kabupaten Lima Puluh Kota;Alam;Korea Japan Village, Harau Valley;;4.5;52
West Sumatra;Kabupaten Lima Puluh Kota;Alam;Sago Park;;4.1;265
West Sumatra;Kabupaten Lima Puluh Kota;Alam;Lubuk Batang Waterfall;;4.4;73
West Sumatra;Kabupaten Lima Puluh Kota;Alam;Sarasah Barasok Waterfall;;4.8;44
West Sumatra;Kabupaten Lima Puluh Kota;Alam;Air Terjun Lubuak Bulan;;4.6;22
West Sumatra;Kabupaten Lima Puluh Kota;Alam;Sarasah Tanggo;;4.3;45
West Sumatra;Kabupaten Lima Puluh Kota;Alam;Pos pendakian Gunung Sago;;5.0;6
West Sumatra;Kabupaten Lima Puluh Kota;Alam;Kapalo Banda;;4.6;13
West Sumatra;Kabupaten Lima Puluh Kota;Alam;Gunung Bungsu;;4.7;23
West Sumatra;Kabupaten Lima Puluh Kota;Alam;Desa wisata dangau saribu;;5.0;2
West Sumatra;Kabupaten Lima Puluh Kota;Sejarah;Menhir Belubus;;4.2;50
West Sumatra;Kabupaten Lima Puluh Kota;Alam;PUNCAK LONTIAK;;4.5;16
West Sumatra;Kabupaten Lima Puluh Kota;Alam;Air Terjun Tujuh Tingkat Batang Kundur;;4.4;22
West Sumatra;Kabupaten Lima Puluh Kota;Alam;Bukik Posuak Maek;;4.3;18
West Sumatra;Kabupaten Lima Puluh Kota;Alam;Panorama Aka Barayun;;4.1;8
West Sumatra;Kabupaten Lima Puluh Kota;Alam;Sialang Batu;;4.1;18
West Sumatra;Kabupaten Padang Pariaman;Alam;Puncak Anai;;4.5;892
West Sumatra;Kabupaten Padang Pariaman;Alam;Kolam Renang Tirta Alami;;4.5;608
West Sumatra;Kabupaten Padang Pariaman;Alam;Pantai Tiram;;4.5;580
West Sumatra;Kabupaten Padang Pariaman;Alam;GREEN TALAO PARK;;4.5;352
West Sumatra;Kabupaten Padang Pariaman;Alam;Pantai Katapiang;;4.5;406
West Sumatra;Kabupaten Padang Pariaman;Alam;Anai Resort Travel;;4.4;529
West Sumatra;Kabupaten Padang Pariaman;Religi;Masjid Raya Syekh Burhanuddin;;4.7;171
West Sumatra;Kabupaten Padang Pariaman;Alam;Lubuak Tano Bridge;;4.4;219
West Sumatra;Kabupaten Padang Pariaman;Alam;LA Rafting;;4.9;88
West Sumatra;Kabupaten Padang Pariaman;Alam;Pantai Ulakan;;4.4;107
West Sumatra;Kabupaten Padang Pariaman;Alam;Rekreasi Pemandian Alam Lubuk Bonta Sicincin;;4.4;94
West Sumatra;Kabupaten Padang Pariaman;Alam;Pantai Arta Sungai Limau;;4.2;166
West Sumatra;Kabupaten Padang Pariaman;Alam;Tanjung Wahana Tano;;4.3;73
West Sumatra;Kabupaten Padang Pariaman;Alam;AIR TERJUN NYARAI;;5.0;2
West Sumatra;Kabupaten Padang Pariaman;Alam;Tapian Puti;;4.6;22
West Sumatra;Kabupaten Padang Pariaman;Religi;Museum Perang sintuk;;4.9;9
West Sumatra;Kabupaten Padang Pariaman;Alam;air terjun baburai;;4.8;17
West Sumatra;Kabupaten Padang Pariaman;Alam;Bukik Bulek;;4.6;11
West Sumatra;Kabupaten Padang Pariaman;Alam;Agrowisata Dama Batang Park;;4.8;4
West Sumatra;Kabupaten Padang Pariaman;Alam;Bendung Anai;;4.1;52
West Sumatra;Kabupaten Padang Pariaman;Alam;Ikan Larangan Kubu Koto Bimo;;4.3;15
West Sumatra;Kabupaten Padang Pariaman;Religi;Makam syekh Burhanuddin;;;
West Sumatra;Kabupaten Padang Pariaman;Alam;Wisata Pemandian Lubuak Jambu;;4.0;53
West Sumatra;Kabupaten Padang Pariaman;Alam;Wisata Tapian Puti;;3.7;13
West Sumatra;Kabupaten Padang Pariaman;;;;;
West Sumatra;Kabupaten Pasaman;;;;;
West Sumatra;Kabupaten Pasaman Barat;;;;;
West Sumatra;Kabupaten Pesisir Selatan;;;;;
West Sumatra;Kabupaten Sijunjung;;;;;
West Sumatra;Kabupaten Solok;;;;;
West Sumatra;Kabupaten Solok Selatan;;;;;
West Sumatra;Kabupaten Tanah Datar;;;;;
West Sumatra;Kota Bukittinggi;Sejarah;Jam Gadang Bukittinggi;;4.6;51,76
West Sumatra;Kota Bukittinggi;Sejarah;Fort De Kock;;4.5;1,598
West Sumatra;Kota Bukittinggi;Alam;Sianok Valley Panoramic;;4.6;1,824
West Sumatra;Kota Bukittinggi;Alam;Taman Margasatwa dan Budaya Kinantan;;4.5;7,005
West Sumatra;Kota Bukittinggi;Sejarah;Bung Hatta Birthplace Museum;;4.7;2,038
West Sumatra;Kota Bukittinggi;Alam;Jembatan Limpapeh;;4.8;172
West Sumatra;Kota Bukittinggi;Sejarah;Japanese tunnel;;4.5;6,939
West Sumatra;Kota Bukittinggi;Alam;Kinantan Bird Park;;4.8;16
West Sumatra;Kota Bukittinggi;Sejarah;Bung Hatta Palace;;4.6;462
West Sumatra;Kota Bukittinggi;Alam;Puncak Janjang Koto Gadang;;4.5;705
West Sumatra;Kota Bukittinggi;Sejarah;Bung Hatta Proclamator Park Monument;;4.7;289
West Sumatra;Kota Bukittinggi;Alam;Taman Ngarai Maaram Bukittinggi;;4.3;1,342
West Sumatra;Kota Bukittinggi;Sejarah;"Museum Perjuangan ""Tridaya Eka Dharma""";;4.6;45
West Sumatra;Kota Bukittinggi;Alam;Janjang 40;;4.6;726
West Sumatra;Kota Bukittinggi;Alam;Sewa bus pariwisata bukittinggi;;5.0;13
West Sumatra;Kota Bukittinggi;Sejarah;Parks Clock Tower;;4.5;128
West Sumatra;Kota Bukittinggi;Alam;Pasa Ateh Bukittinggi;;4.6;267
West Sumatra;Kota Bukittinggi;Alam;Panorama Bukittinggi;;4.7;90
West Sumatra;Kota Bukittinggi;Religi;Masjid Raya Bukittinggi;;4.8;3,148
West Sumatra;Kota Bukittinggi;Sejarah;Pahlawan Tak Dikenal Monument;;4.6;77
West Sumatra;Kota Bukittinggi;Sejarah;Museum Zoologi;;4.4;7
West Sumatra;Kota Bukittinggi;Sejarah;Tree House Inyiak;;4.3;884
West Sumatra;Kota Bukittinggi;Sejarah;Tabiang Takuruang;;4.6;156
West Sumatra;Kota Bukittinggi;Sejarah;Lake Maninjau;;4.6;1,251
West Sumatra;Kota Bukittinggi;Sejarah;Lake Singkarak;;4.6;1,713
West Sumatra;Kota Bukittinggi;Sejarah;Lereng Singgalang;;4.6;872
West Sumatra;Kota Bukittinggi;Sejarah;Boekit Ambatjang Paardenrenbaan en Terrein;;4.6;454
West Sumatra;Kota Bukittinggi;Sejarah;Wisata Sajuta Janjang;;4.7;464
West Sumatra;Kota Bukittinggi;Sejarah;Puncak Taruko;;4.7;363
West Sumatra;Kota Bukittinggi;Sejarah;Simpang Tanjung Alam;;4.5;105
West Sumatra;Kota Bukittinggi;Sejarah;Nurul Iman Mosque of Koto Gadang;;4.7;95
West Sumatra;Kota Bukittinggi;Sejarah;Tabek Gadang Sungai Tanang;;4.6;506
West Sumatra;Kota Bukittinggi;Sejarah;Taman Bermain Banto Royo;;4.2;1,924
West Sumatra;Kota Bukittinggi;Sejarah;Taman Wisata Panorama Baru;;4.3;184
West Sumatra;Kota Bukittinggi;Sejarah;Tirtasari Park;;4.3;860
West Sumatra;Kota Bukittinggi;Sejarah;Wisata Dangau Pasawangan;;4.5;253
West Sumatra;Kota Bukittinggi;Sejarah;Badorai;;4.5;89
West Sumatra;Kota Bukittinggi;Sejarah;Puncak Kabun;;4.6;335
West Sumatra;Kota Bukittinggi;Sejarah;banto rayo,;;4.1;250
West Sumatra;Kota Bukittinggi;Sejarah;Cagar Alam Batang Palupuah;;;
West Sumatra;Kota Bukittinggi;Sejarah;Pincuran Gadang Old Mosque;;4.8;53
West Sumatra;Kota Bukittinggi;Sejarah;Pincuran Gadang;;4.9;7
West Sumatra;Kota Padang ;Religi;Masjid Raya Sumatera Barat;;4.8;19,408
West Sumatra;Kota Padang ;Alam;Padang Beach;;4.5;6,339
West Sumatra;Kota Padang ;Sejarah;Museum Adityawarman;;4.4;3,137
West Sumatra;Kota Padang ;Alam;Siti Nurbaya Bridge;;4.6;2,185
West Sumatra;Kota Padang ;Sejarah;Monumen Merpati Perdamaian;;4.4;6,672
West Sumatra;Kota Padang ;Alam;Air Manis;;;
West Sumatra;Kota Padang ;Alam;Great Mosque Nurul Iman Padang;;4.7;3,235
West Sumatra;Kota Padang ;Alam;Christine Hakim Idea Park;;4.4;4,771
West Sumatra;Kota Padang ;Alam;Al-Hakim Mosque;;4.9;2,55
West Sumatra;Kota Padang ;Alam;Imam Bonjol Square;;4.4;3,439
West Sumatra;Kota Padang ;Sejarah;Monumen Gempa Padang;;4.6;1,837
West Sumatra;Kota Padang ;Alam;Taplau Padang;;4.5;1,383
West Sumatra;Kota Padang ;Alam;Cultural Park West Sumatra Province;;4.5;824
West Sumatra;Kota Padang ;Alam;Pantai Puruih Padang;;4.5;946
West Sumatra;Kota Padang ;Alam;Taman Siti Nurbaya;;4.6;500
West Sumatra;Kota Padang ;Alam;Air Manis Beach;;4.2;3,701
West Sumatra;Kota Padang ;Alam;Batu Malin Kundang;;4.1;2,175
West Sumatra;Kota Padang ;Alam;West Bungus;;;
West Sumatra;Kota Padang ;Alam;Jambak Sand Beach;;4.3;782
West Sumatra;Kota Padang ;Alam;Pemandian Lumin;;4.4;953
West Sumatra;Kota Padang ;Alam;Pantai Carolina Bungus (Carolina Beach);;4.2;1,031
West Sumatra;Kota Padang ;Alam;Ocean coast (Taplau);;4.3;403
West Sumatra;Kota Padang ;Alam;Pantai Nirwana;;4.2;737
West Sumatra;Kota Padang ;Alam;Kelenteng See Hin Kiong;;4.6;535
West Sumatra;Kota Padang ;Alam;Kawasan Wisata Kuliner Pantai Padang;;4.4;549
West Sumatra;Kota Padang ;Alam;Pemandian Lubuk Tampuruang;;4.5;277
West Sumatra;Kota Padang ;Alam;Pantai Tabing Pasir Putih;;4.4;559
West Sumatra;Kota Padang ;Alam;Pemandian Lori Lubuk Minturun;;4.5;205
West Sumatra;Kota Padang ;Alam;Pantai Padang;;4.5;354
West Sumatra;Kota Padang ;Alam;Danau Cimpago;;4.3;664
West Sumatra;Kota Padang ;Religi;Masjid Al-Irsyad;;4.7;106
West Sumatra;Kota Padang ;Religi;Masjid Muhammadan;;4.8;281
West Sumatra;Kota Padang ;Alam;Puncak Bukit Gado-gado;;4.6;218
West Sumatra;Kota Padang ;Alam;Kolam Renang Teratai;;4.2;809
West Sumatra;Kota Padang ;Alam;Yangi Beach Cafe;;4.3;421
West Sumatra;Kota Padang ;Religi;Gantiang Grand Mosque;;4.8;169
West Sumatra;Kota Padang ;Religi;Masjid Nurzikrillah;;4.7;227
West Sumatra;Kota Padang ;Alam;Arau Mini Waterpark, Cafe and Resto;;4.2;483
West Sumatra;Kota Padang ;Alam;Sako Beach;;4.2;331
West Sumatra;Kota Padang ;Alam;Taman Muaro Lasak;;4.3;107
West Sumatra;Kota Padang ;Alam;Pantai Air Manis;;4.2;2,165
West Sumatra;Kota Padang ;Alam;Jambak Sea Turtle Camp;;4.6;154
West Sumatra;Kota Padang ;Alam;Pantai Ujuang Batu;;4.3;297
West Sumatra;Kota Padang ;Alam;Pantai Padang Purus;;4.4;133
West Sumatra;Kota Padang ;Alam;Pantai Gajah Padang;;4.2;374
West Sumatra;Kota Padang ;Alam;Pasir Jambak Beach;;4.4;123
West Sumatra;Kota Padang ;Alam;wisata pulau mandeh;;5.0;3
West Sumatra;Kota Padang ;Alam;Pantai Pesona;;4.4;94
West Sumatra;Kota Padang ;Alam;Eks De Javasche Bank te Padang;;4.4;70
West Sumatra;Kota Padang ;Alam;Sitti hill Nurbaya;;4.4;87
West Sumatra;Kota Padang ;Alam;Bendungan Niagara Koto Pulai;;4.2;158
West Sumatra;Kota Padang ;Alam;Taman Nirwana;;4.2;146
West Sumatra;Kota Padang ;Alam;Taplau Pantai Padang;;4.7;32
West Sumatra;Kota Padang ;Alam;Nobita Hill;;4.5;149
West Sumatra;Kota Padang ;Alam;Museum Rumah Kelahiran Bagindo Aziz Chan;;4.4;38
West Sumatra;Kota Padang ;Alam;Padang Private Driver;;4.8;6
West Sumatra;Kota Padang ;Alam;Mentawai Experience Travel;;5.0;7
West Sumatra;Kota Padang ;Alam;Keuskupan Padang;;4.8;29
West Sumatra;Kota Padang ;Alam;Kampung Adat Rimbo Tarok;;5.0;6
West Sumatra;Kota Padang ;Alam;Lubang Jepang, Gunung Pangilun;;4.3;11
West Sumatra;Kota Padang ;Alam;Menara Masjid Raya Sumatera Barat;;5.0;16
West Sumatra;Kota Padang ;Alam;Pantai Pinus Tabing;;4.9;11
West Sumatra;Kota Padang ;Alam;Outbound Training Padang;;5.0;5
West Sumatra;Kota Padang ;Alam;Stasiun Teluk Bayur;;4.4;5
West Sumatra;Kota Padang ;Alam;Gunung Padang;;4.2;101
West Sumatra;Kota Padang ;Alam;Marawa Beach Club;;3.9;1,194
West Sumatra;Kota Padang ;Alam;Makam Siti Nurbaya;;4.0;3
West Sumatra;Kota Padang ;Alam;Silo Gunung;;4.3;6
West Sumatra;Kota Padang ;Alam;Muaro Anai;;4.1;33
West Sumatra;Kota Padang ;Alam;Tempat foto;;;
West Sumatra;Kota Padang ;Alam;Air Terjun Sarasah;;4.3;123
West Sumatra;Kota Padang ;Alam;Air Terjun Timbulun;;4.6;18
West Sumatra;Kota Padang ;Alam;Lubuk Paraku;;4.3;211
West Sumatra;Kota Padang ;Alam;Air terjun Lubuk Hitam;;4.9;17
West Sumatra;Kota Padang ;Alam;Panorama 2 Sitinjau Lauik;;4.5;994
West Sumatra;Kota Padang ;Alam;Lubuk Ngalauan - River Bangek;;4.8;75
West Sumatra;Kota Padang ;Alam;Pulau Pasumpahan;;4.6;850
West Sumatra;Kota Padang ;Alam;Banana River, Padang Kota subdistrict Bungus;;4.4;495
West Sumatra;Kota Padang ;Alam;Air Terjun Lubuak Rantiang;;4.4;5
West Sumatra;Kota Padang ;Alam;Pulau Pisang Gadang;;4.9;8
West Sumatra;Kota Padang ;Alam;Pulau Sauh;;4.3;4
West Sumatra;Kota Padang ;Alam;Ngungun Saok;;4.7;122
West Sumatra;Kota Padang ;Alam;Tanjakan sitinjau lauik;;4.4;20
West Sumatra;Kota Padang ;Alam;Pasumpahan;;4.6;424
West Sumatra;Kota Padang ;Alam;Lake Maninjau;;4.6;1,251
West Sumatra;Kota Padang ;Alam;Tapian Puti;;4.6;22
West Sumatra;Kota Padang ;Alam;Pulau Pandan;;4.9;17
West Sumatra;Kota Padang Panjang;;;;;
West Sumatra;Kota Pariaman;;;;;
West Sumatra;Kota Payakumbuh;;;;;
West Sumatra;Kota Sawahlunto;;;;;
West Sumatra;Kota Solok;;;;;
Bengkulu;Kabupaten Bengkulu Selatan;;;;;
Bengkulu;Kabupaten Bengkulu Tengah;;;;;
Bengkulu;Kabupaten Bengkulu Utara;;;;;
Bengkulu;Kabupaten Kaur;;;;;
Bengkulu;Kabupaten Kepahiang;;;;;
Bengkulu;Kabupaten Lebong;;;;;
Bengkulu;Kabupaten Mukomuko;;;;;
Bengkulu;Kabupaten Rejang Lebong;;;;;
Bengkulu;Kabupaten Seluma;;;;;
Riau;Kabupaten Bengkalis;;;;;
Riau;Kabupaten Indragiri Hilir;;;;;
Riau;Kabupaten Indragiri Hulu;;;;;
Riau;Kabupaten Kampar;;;;;
Riau;Kabupaten Kepulauan Meranti;;;;;
Riau;Kabupaten Kuantan Singingi;;;;;
Riau;Kabupaten Pelalawan;;;;;
Riau;Kabupaten Rokan Hilir;;;;;
Riau;Kabupaten Rokan Hulu;;;;;
Riau;Kabupaten Siak;;;;;
Riau;Kota Dumai;;;;;
Riau;Kota Pekanbaru;;;;;
Riau Islands;Kabupaten Bintan;;;;;
Riau Islands;Kabupaten Karimun;;;;;
Riau Islands;Kabupaten Kepulauan Anambas;;;;;
Riau Islands;Kabupaten Lingga;;;;;
Riau Islands;Kabupaten Natuna;;;;;
Riau Islands;Kota Batam;;;;;
Riau Islands;Kota Tanjungpinang;;;;;
Jambi;Kabupaten Batanghari;;;;;
Jambi;Kabupaten Bungo;;;;;
Jambi;Kabupaten Kerinci;Alam;Tugu Macan;;4.4;1,436
Jambi;Kabupaten Kerinci;Alam;Air Terjun Telun Berasap;;4.4;787
Jambi;Kabupaten Kerinci;Alam;Lake Kaco;;4.6;163
Jambi;Kabupaten Kerinci;Alam;Danau lingkat;;4.4;187
Jambi;Kabupaten Kerinci;Alam;Shelter 3 Mount Kerinci;;4.7;197
Jambi;Kabupaten Kerinci;Alam;Pantai Indah Koto Petai;;4.3;201
Jambi;Kabupaten Kerinci;Alam;Masjid Keramat Koto Tuo;;4.5;93
Jambi;Kabupaten Kerinci;Alam;Kebun Teh Kayu Aro;;4.6;84
Jambi;Kabupaten Kerinci;Alam;Mountain Kerinci;;4.8;129
Jambi;Kabupaten Kerinci;Alam;Panorama Bukit Tirai Embun Danau Tinggi;;4.6;114
Jambi;Kabupaten Kerinci;Alam;Taman Wisata Ayla;;4.5;97
Jambi;Kabupaten Kerinci;Alam;Pantai Pasir Panjang Desa Tanjung Tanah;;4.2;256
Jambi;Kabupaten Kerinci;Alam;Gunung Tujuh;;4.5;46
Jambi;Kabupaten Kerinci;Alam;Rawa Bento;;4.6;65
Jambi;Kabupaten Kerinci;Alam;Kerinci Seblat National Park;;4.6;13
Jambi;Kabupaten Kerinci;Alam;Taman Putri Tunggal;;4.3;116
Jambi;Kabupaten Kerinci;Alam;Taman Bukit Tengah;;4.2;107
Jambi;Kabupaten Kerinci;Alam;Air Terjun Pancaro Rayo;;4.7;32
Jambi;Kabupaten Kerinci;Alam;Taman Husein;;4.1;87
Jambi;Kabupaten Kerinci;Alam;Gunung Kerinci;;4.8;28
Jambi;Kabupaten Kerinci;Alam;Air Terjun Sungai Medang;;4.4;30
Jambi;Kabupaten Kerinci;Alam;Air Panas Semurup;;4.0;428
Jambi;Kabupaten Kerinci;Alam;Tugu Yudha;;5.0;13
Jambi;Kabupaten Kerinci;Alam;Camping Ground Bukit Tirai Embun-Kerinci;;4.6;11
Jambi;Kabupaten Kerinci;Alam;Taman Pertiwi;;4.0;254
Jambi;Kabupaten Kerinci;Alam;Danau Belibis;;4.4;28
Jambi;Kabupaten Kerinci;Alam;Khayangan Valley Waterfall;;4.3;27
Jambi;Kabupaten Kerinci;Alam;Air Terjun Arai Indah;;4.3;14
Jambi;Kabupaten Kerinci;Alam;Lake Kerinci;;4.3;255
Jambi;Kabupaten Kerinci;Alam;Air Terjun Pendung Mudik;;4.2;12
Jambi;Kabupaten Kerinci;Alam;Maro Alam Sungai Keluang;;4.3;4
Jambi;Kabupaten Kerinci;Alam;Gao Semurup;;4.0;212
Jambi;Kabupaten Kerinci;Alam;Gunung Tujuh;;4.0;7
Jambi;Kabupaten Kerinci;Alam;Danau Duo;;4.8;8
Jambi;Kabupaten Kerinci;Alam;Gunung Kunyit;;4.9;7
Jambi;Kabupaten Kerinci;Alam;Wisata alam desa danau tinggi;;4.1;8
Jambi;Kabupaten Kerinci;Alam;Gunung Raya;;5.0;1
Jambi;Kabupaten Kerinci;Alam;Lake Gunung Tujuh;;4.8;67
Jambi;Kabupaten Kerinci;Alam;Aroma Pecco;;3.9;350
Jambi;Kabupaten Kerinci;Alam;Danau Nyalo;;3.6;9
Jambi;Kabupaten Kerinci;Alam;Pemandian air panas sungai medang;;1.0;1
Jambi;Kabupaten Merangin;;;;;
Jambi;Kabupaten Muaro Jambi;;;;;
Jambi;Kabupaten Sarolangun;;;;;
Jambi;Kabupaten Tanjung Jabung Barat;;;;;
Jambi;Kabupaten Tanjung Jabung Timur;;;;;
Jambi;Kabupaten Tebo;;;;;
Jambi;Kota Jambi;;;;;
Jambi;Kota Sungai Penuh;Religi;Pondok Tinggi Grand Mosque;;4.8;395
Jambi;Kota Sungai Penuh;Alam;Bukit Khayangan, Sungai Penuh, Kerinci;;4.5;1,312
Jambi;Kota Sungai Penuh;Alam;Taman Putri Tunggal;;4.3;116
Jambi;Kota Sungai Penuh;Alam;Bukit Impian;;4.2;199
Jambi;Kota Sungai Penuh;Alam;Air Terjun Sungai Medang;;4.4;30
Jambi;Kota Sungai Penuh;Alam;Pantai Indah Koto Petai;;4.3;201
Jambi;Kota Sungai Penuh;Alam;Pantai Pasir Panjang Desa Tanjung Tanah;;4.2;256
Jambi;Kota Sungai Penuh;Alam;Air Panas Semurup;;4.0;428
Jambi;Kota Sungai Penuh;Alam;Gao Semurup;;4.0;212
Jambi;Kota Sungai Penuh;Alam;Pemandian air panas sungai medang;;1.0;1
Lampung;Kabupaten Lampung Barat;;;;;
Lampung;Kabupaten Lampung Selatan;;;;;
Lampung;Kabupaten Lampung Tengah;;;;;
Lampung;Kabupaten Lampung Timur;;;;;
Lampung;Kabupaten Lampung Utara;;;;;
Lampung;Kabupaten Mesuji;;;;;
Lampung;Kabupaten Pesawaran;;;;;
Lampung;Kabupaten Pesisir Barat;;;;;
Lampung;Kabupaten Pringsewu;;;;;
Lampung;Kabupaten Tanggamus;;;;;
Lampung;Kabupaten Tulang Bawang;;;;;
Lampung;Kabupaten Tulang Bawang Barat;;;;;
Lampung;Kabupaten Way Kanan;;;;;
Lampung;Kota Bandar Lampung;;;;;
Lampung;Kota Metro;;;;;
Bangka Belitung Islands;Kabupaten Bangka;;;;;
Bangka Belitung Islands;Kabupaten Bangka Barat;;;;;
Bangka Belitung Islands;Kabupaten Bangka Selatan;;;;;
Bangka Belitung Islands;Kabupaten Bangka Tengah;;;;;
Bangka Belitung Islands;Kabupaten Belitung;;;;;
Bangka Belitung Islands;Kabupaten Belitung Timur;;;;;
Bangka Belitung Islands;Kota Pangkal Pinang;;;;;
West Kalimantan;Kabupaten Bengkayang;;;;;
West Kalimantan;Kabupaten Kapuas Hulu ;;;;;
West Kalimantan;Kabupaten Kayong Utara;;;;;
West Kalimantan;Kabupaten Ketapang;;;;;
West Kalimantan;Kabupaten Kubu Raya;;;;;
West Kalimantan;Kabupaten Landak;;;;;
West Kalimantan;Kabupaten Melawi ;;;;;
West Kalimantan;Kabupaten Mempawah;;;;;
West Kalimantan;Kabupaten Sambas;;;;;
West Kalimantan;Kabupaten Sanggau ;;;;;
West Kalimantan;Kabupaten Sekadau ;;;;;
West Kalimantan;Kabupaten Sintang;;;;;
West Kalimantan;Kota Pontianak;;;;;
West Kalimantan;Kota Singkawang;;;;;
